repo,workflow,job,kind,uses,ref,pinned,third_party,same_repo,job_requests_id_token
actions/checkout,.github/workflows/check-dist.yml,check-dist,action,actions/checkout,v7,0,0,1,0
actions/checkout,.github/workflows/check-dist.yml,check-dist,action,actions/setup-node,v6,0,0,0,0
actions/checkout,.github/workflows/check-dist.yml,check-dist,action,actions/upload-artifact,v7,0,0,0,0
actions/checkout,.github/workflows/codeql-analysis.yml,analyze,action,actions/checkout,v7,0,0,1,0
actions/checkout,.github/workflows/codeql-analysis.yml,analyze,action,github/codeql-action/init,v4,0,0,0,0
actions/checkout,.github/workflows/codeql-analysis.yml,analyze,action,github/codeql-action/analyze,v4,0,0,0,0
actions/checkout,.github/workflows/licensed.yml,test,action,actions/checkout,v7,0,0,1,0
actions/checkout,.github/workflows/publish-immutable-actions.yml,publish,action,actions/checkout,v7,0,0,1,1
actions/checkout,.github/workflows/publish-immutable-actions.yml,publish,action,actions/publish-immutable-action,v0.0.4,0,0,0,1
actions/checkout,.github/workflows/test.yml,build,action,actions/setup-node,v6,0,0,0,0
actions/checkout,.github/workflows/test.yml,build,action,actions/checkout,v7,0,0,1,0
actions/checkout,.github/workflows/test.yml,test,action,actions/checkout,v7,0,0,1,0
actions/checkout,.github/workflows/test.yml,test,docker,docker://bitnami/git,latest,0,1,0,0
actions/checkout,.github/workflows/test.yml,test-proxy,action,actions/checkout,v7,0,0,1,0
actions/checkout,.github/workflows/test.yml,test-bypass-proxy,action,actions/checkout,v7,0,0,1,0
actions/checkout,.github/workflows/test.yml,test-git-container,action,actions/checkout,v7,0,0,1,0
actions/checkout,.github/workflows/test.yml,test-git-container,action,actions/checkout,v7,0,0,1,0
actions/checkout,.github/workflows/test.yml,test-output,action,actions/checkout,v7,0,0,1,0
actions/checkout,.github/workflows/update-main-version.yml,tag,action,actions/checkout,v7,0,0,1,0
actions/checkout,.github/workflows/update-test-ubuntu-git.yml,build-and-push-image,action,actions/checkout,v7,0,0,1,0
actions/checkout,.github/workflows/update-test-ubuntu-git.yml,build-and-push-image,action,docker/login-action,v4.4.0,0,1,0,0
actions/checkout,.github/workflows/update-test-ubuntu-git.yml,build-and-push-image,action,docker/build-push-action,v7.3.0,0,1,0,0
actions/upload-artifact,.github/workflows/check-dist.yml,check-dist,action,actions/checkout,v4,0,0,0,0
actions/upload-artifact,.github/workflows/check-dist.yml,check-dist,action,actions/setup-node,v4,0,0,0,0
actions/upload-artifact,.github/workflows/check-dist.yml,check-dist,action,actions/upload-artifact,v4,0,0,1,0
actions/upload-artifact,.github/workflows/codeql-analysis.yml,CodeQL-Build,action,actions/checkout,v4,0,0,0,0
actions/upload-artifact,.github/workflows/codeql-analysis.yml,CodeQL-Build,action,github/codeql-action/init,v3,0,0,0,0
actions/upload-artifact,.github/workflows/codeql-analysis.yml,CodeQL-Build,action,github/codeql-action/autobuild,v3,0,0,0,0
actions/upload-artifact,.github/workflows/codeql-analysis.yml,CodeQL-Build,action,github/codeql-action/analyze,v3,0,0,0,0
actions/upload-artifact,.github/workflows/licensed.yml,test,action,actions/checkout,v4,0,0,0,0
actions/upload-artifact,.github/workflows/publish-immutable-actions.yml,publish,action,actions/checkout,v4,0,0,0,1
actions/upload-artifact,.github/workflows/publish-immutable-actions.yml,publish,action,actions/publish-immutable-action,0.0.3,0,0,0,1
actions/upload-artifact,.github/workflows/release-new-action-version.yml,update_tag,action,actions/publish-action,v0.3.0,0,0,0,0
actions/upload-artifact,.github/workflows/test-proxy.yml,test-proxy-upload,action,actions/checkout,v4,0,0,0,0
actions/upload-artifact,.github/workflows/test.yml,build,action,actions/checkout,v4,0,0,0,0
actions/upload-artifact,.github/workflows/test.yml,build,action,actions/setup-node,v4,0,0,0,0
actions/upload-artifact,.github/workflows/test.yml,build,action,actions/download-artifact,main,0,0,0,0
actions/upload-artifact,.github/workflows/test.yml,build,action,actions/download-artifact,main,0,0,0,0
actions/upload-artifact,.github/workflows/test.yml,build,action,actions/download-artifact,main,0,0,0,0
actions/upload-artifact,.github/workflows/test.yml,build,action,actions/download-artifact,main,0,0,0,0
actions/upload-artifact,.github/workflows/test.yml,build,action,actions/download-artifact,main,0,0,0,0
actions/upload-artifact,.github/workflows/test.yml,build,action,actions/download-artifact,main,0,0,0,0
actions/upload-artifact,.github/workflows/test.yml,upload-html-report,action,actions/checkout,v4,0,0,0,0
actions/upload-artifact,.github/workflows/test.yml,upload-html-report,action,actions/setup-node,v4,0,0,0,0
actions/upload-artifact,.github/workflows/test.yml,merge,action,actions/checkout,v4,0,0,0,0
actions/upload-artifact,.github/workflows/test.yml,merge,action,actions/download-artifact,main,0,0,0,0
actions/upload-artifact,.github/workflows/test.yml,merge,action,actions/download-artifact,main,0,0,0,0
actions/upload-artifact,.github/workflows/test.yml,cleanup,action,actions/github-script,v8,0,0,0,0
pallets/flask,.github/workflows/lock.yaml,lock,action,dessant/lock-threads,89ae32b08ed1a541efecbab17912962a5e38981c,1,1,0,0
pallets/flask,.github/workflows/pre-commit.yaml,main,action,actions/checkout,3d3c42e5aac5ba805825da76410c181273ba90b1,1,0,0,0
pallets/flask,.github/workflows/pre-commit.yaml,main,action,astral-sh/setup-uv,c771a70e6277c0a99b617c7a806ffedaca235ff9,1,1,0,0
pallets/flask,.github/workflows/pre-commit.yaml,main,action,actions/setup-python,5fda3b95a4ea91299a34e894583c3862153e4b97,1,0,0,0
pallets/flask,.github/workflows/pre-commit.yaml,main,action,actions/cache,55cc8345863c7cc4c66a329aec7e433d2d1c52a9,1,0,0,0
pallets/flask,.github/workflows/publish.yaml,build,action,actions/checkout,3d3c42e5aac5ba805825da76410c181273ba90b1,1,0,0,0
pallets/flask,.github/workflows/publish.yaml,build,action,astral-sh/setup-uv,c771a70e6277c0a99b617c7a806ffedaca235ff9,1,1,0,0
pallets/flask,.github/workflows/publish.yaml,build,action,actions/setup-python,5fda3b95a4ea91299a34e894583c3862153e4b97,1,0,0,0
pallets/flask,.github/workflows/publish.yaml,build,action,actions/upload-artifact,043fb46d1a93c77aae656e7c1c64a875d1fc6a0a,1,0,0,0
pallets/flask,.github/workflows/publish.yaml,create-release,action,actions/download-artifact,3e5f45b2cfb9172054b4087a40e8e0b5a5461e7c,1,0,0,0
pallets/flask,.github/workflows/publish.yaml,publish-pypi,action,actions/download-artifact,3e5f45b2cfb9172054b4087a40e8e0b5a5461e7c,1,0,0,1
pallets/flask,.github/workflows/publish.yaml,publish-pypi,action,pypa/gh-action-pypi-publish,dc37677b2e1c63e2034f94d8a5b11f265b73ba33,1,1,0,1
pallets/flask,.github/workflows/tests.yaml,tests,action,actions/checkout,3d3c42e5aac5ba805825da76410c181273ba90b1,1,0,0,0
pallets/flask,.github/workflows/tests.yaml,tests,action,astral-sh/setup-uv,c771a70e6277c0a99b617c7a806ffedaca235ff9,1,1,0,0
pallets/flask,.github/workflows/tests.yaml,tests,action,actions/setup-python,5fda3b95a4ea91299a34e894583c3862153e4b97,1,0,0,0
pallets/flask,.github/workflows/tests.yaml,typing,action,actions/checkout,3d3c42e5aac5ba805825da76410c181273ba90b1,1,0,0,0
pallets/flask,.github/workflows/tests.yaml,typing,action,astral-sh/setup-uv,c771a70e6277c0a99b617c7a806ffedaca235ff9,1,1,0,0
pallets/flask,.github/workflows/tests.yaml,typing,action,actions/setup-python,5fda3b95a4ea91299a34e894583c3862153e4b97,1,0,0,0
pallets/flask,.github/workflows/tests.yaml,typing,action,actions/cache,55cc8345863c7cc4c66a329aec7e433d2d1c52a9,1,0,0,0
pallets/flask,.github/workflows/zizmor.yaml,zizmor,action,actions/checkout,3d3c42e5aac5ba805825da76410c181273ba90b1,1,0,0,0
pallets/flask,.github/workflows/zizmor.yaml,zizmor,action,zizmorcore/zizmor-action,6fc4b006235f201fdab3722e17240ab420d580e5,1,1,0,0
pypa/pip,.github/workflows/check-pr-template.yml,check-pr-template,action,actions/checkout,3d3c42e5aac5ba805825da76410c181273ba90b1,1,0,0,0
pypa/pip,.github/workflows/ci.yml,docs,action,actions/checkout,3d3c42e5aac5ba805825da76410c181273ba90b1,1,0,0,0
pypa/pip,.github/workflows/ci.yml,docs,action,actions/setup-python,5fda3b95a4ea91299a34e894583c3862153e4b97,1,0,0,0
pypa/pip,.github/workflows/ci.yml,determine-changes,action,dorny/paths-filter,ceb8a2b8f2d89434be7ff52d3de7ec3738c5cc9d,1,1,0,0
pypa/pip,.github/workflows/ci.yml,packaging,action,actions/checkout,3d3c42e5aac5ba805825da76410c181273ba90b1,1,0,0,0
pypa/pip,.github/workflows/ci.yml,packaging,action,actions/setup-python,5fda3b95a4ea91299a34e894583c3862153e4b97,1,0,0,0
pypa/pip,.github/workflows/ci.yml,vendoring,action,actions/checkout,3d3c42e5aac5ba805825da76410c181273ba90b1,1,0,0,0
pypa/pip,.github/workflows/ci.yml,vendoring,action,actions/setup-python,5fda3b95a4ea91299a34e894583c3862153e4b97,1,0,0,0
pypa/pip,.github/workflows/ci.yml,tests-unix,action,actions/checkout,3d3c42e5aac5ba805825da76410c181273ba90b1,1,0,0,0
pypa/pip,.github/workflows/ci.yml,tests-unix,action,actions/setup-python,5fda3b95a4ea91299a34e894583c3862153e4b97,1,0,0,0
pypa/pip,.github/workflows/ci.yml,tests-windows,action,actions/checkout,3d3c42e5aac5ba805825da76410c181273ba90b1,1,0,0,0
pypa/pip,.github/workflows/ci.yml,tests-windows,action,actions/setup-python,5fda3b95a4ea91299a34e894583c3862153e4b97,1,0,0,0
pypa/pip,.github/workflows/ci.yml,tests-zipapp,action,actions/checkout,3d3c42e5aac5ba805825da76410c181273ba90b1,1,0,0,0
pypa/pip,.github/workflows/ci.yml,tests-zipapp,action,actions/setup-python,5fda3b95a4ea91299a34e894583c3862153e4b97,1,0,0,0
pypa/pip,.github/workflows/ci.yml,check,action,re-actors/alls-green,b5b5b37504aa4183270bd3d855c52a67f212be35,1,1,0,0
pypa/pip,.github/workflows/lock-threads.yml,action,action,dessant/lock-threads,89ae32b08ed1a541efecbab17912962a5e38981c,1,1,0,0
pypa/pip,.github/workflows/release.yml,build,action,actions/checkout,3d3c42e5aac5ba805825da76410c181273ba90b1,1,0,0,0
pypa/pip,.github/workflows/release.yml,build,action,actions/setup-python,5fda3b95a4ea91299a34e894583c3862153e4b97,1,0,0,0
pypa/pip,.github/workflows/release.yml,build,action,actions/upload-artifact,043fb46d1a93c77aae656e7c1c64a875d1fc6a0a,1,0,0,0
pypa/pip,.github/workflows/release.yml,publish-to-pypi,action,actions/download-artifact,3e5f45b2cfb9172054b4087a40e8e0b5a5461e7c,1,0,0,1
pypa/pip,.github/workflows/release.yml,publish-to-pypi,action,pypa/gh-action-pypi-publish,dc37677b2e1c63e2034f94d8a5b11f265b73ba33,1,1,0,1
pypa/pip,.github/workflows/update-build-project-lock.yml,update-build-project-lock,action,actions/checkout,3d3c42e5aac5ba805825da76410c181273ba90b1,1,0,0,0
pypa/pip,.github/workflows/update-build-project-lock.yml,update-build-project-lock,action,actions/setup-python,5fda3b95a4ea91299a34e894583c3862153e4b97,1,0,0,0
pypa/pip,.github/workflows/update-rtd-redirects.yml,update-rtd-redirects,action,actions/checkout,3d3c42e5aac5ba805825da76410c181273ba90b1,1,0,0,0
pypa/pip,.github/workflows/update-rtd-redirects.yml,update-rtd-redirects,action,actions/setup-python,5fda3b95a4ea91299a34e894583c3862153e4b97,1,0,0,0
django/django,.github/workflows/benchmark.yml,Run_benchmarks,action,actions/checkout,v7,0,0,0,0
django/django,.github/workflows/benchmark.yml,Run_benchmarks,action,conda-incubator/setup-miniconda,835234971496cad1653abb28a638a281cf32541f,1,1,0,0
django/django,.github/workflows/benchmark.yml,Run_benchmarks,action,actions/cache,v6,0,0,0,0
django/django,.github/workflows/check-migrations.yml,check-migrations,action,actions/checkout,v7,0,0,0,0
django/django,.github/workflows/check-migrations.yml,check-migrations,action,actions/setup-python,v6,0,0,0,0
django/django,.github/workflows/check_commit_messages.yml,check-commit-prefix,action,actions/checkout,v7,0,0,0,0
django/django,.github/workflows/check_commit_messages.yml,check-commit-suffix,action,actions/checkout,v7,0,0,0,0
django/django,.github/workflows/check_pr_quality.yml,pr_quality,action,actions/checkout,v7,0,0,0,0
django/django,.github/workflows/check_pr_quality.yml,pr_quality,action,actions/setup-python,v6,0,0,0,0
django/django,.github/workflows/coverage_comment.yml,comment,action,actions/download-artifact,v8,0,0,0,0
django/django,.github/workflows/coverage_comment.yml,comment,action,actions/github-script,v9,0,0,0,0
django/django,.github/workflows/coverage_tests.yml,coverage,action,actions/checkout,v7,0,0,0,0
django/django,.github/workflows/coverage_tests.yml,coverage,action,actions/setup-python,v6,0,0,0,0
django/django,.github/workflows/coverage_tests.yml,coverage,action,actions/upload-artifact,v7,0,0,0,0
django/django,.github/workflows/docs.yml,docs,action,actions/checkout,v7,0,0,0,0
django/django,.github/workflows/docs.yml,docs,action,actions/setup-python,v6,0,0,0,0
django/django,.github/workflows/labels.yml,no_ticket,action,actions/github-script,v9,0,0,0,0
django/django,.github/workflows/linters.yml,flake8,action,actions/checkout,v7,0,0,0,0
django/django,.github/workflows/linters.yml,flake8,action,actions/setup-python,v6,0,0,0,0
django/django,.github/workflows/linters.yml,flake8,action,liskin/gh-problem-matcher-wrap,d31bb388d13cf879e93f878cb2550299f0afb460,1,1,0,0
django/django,.github/workflows/linters.yml,isort,action,actions/checkout,v7,0,0,0,0
django/django,.github/workflows/linters.yml,isort,action,actions/setup-python,v6,0,0,0,0
django/django,.github/workflows/linters.yml,isort,action,liskin/gh-problem-matcher-wrap,d31bb388d13cf879e93f878cb2550299f0afb460,1,1,0,0
django/django,.github/workflows/linters.yml,black,action,actions/checkout,v7,0,0,0,0
django/django,.github/workflows/linters.yml,black,action,psf/black,stable,0,1,0,0
django/django,.github/workflows/linters.yml,zizmor,action,actions/checkout,v7,0,0,0,0
django/django,.github/workflows/linters.yml,zizmor,action,zizmorcore/zizmor-action,e639db99335bc9038abc0e066dfcd72e23d26fb4,1,1,0,0
django/django,.github/workflows/linters.yml,biome,action,actions/checkout,v7,0,0,0,0
django/django,.github/workflows/linters.yml,biome,action,actions/setup-node,v6,0,0,0,0
django/django,.github/workflows/new_contributor_pr.yml,build,action,actions/first-interaction,v1,0,0,0,0
django/django,.github/workflows/playwright.yml,playwright-sqlite,action,actions/checkout,v7,0,0,0,0
django/django,.github/workflows/playwright.yml,playwright-sqlite,action,actions/setup-python,v6,0,0,0,0
django/django,.github/workflows/playwright.yml,playwright-postgresql,action,actions/checkout,v7,0,0,0,0
django/django,.github/workflows/playwright.yml,playwright-postgresql,action,actions/setup-python,v6,0,0,0,0
django/django,.github/workflows/postgis.yml,postgis,action,actions/checkout,v7,0,0,0,0
django/django,.github/workflows/postgis.yml,postgis,action,conda-incubator/setup-miniconda,8ee1f361103df19b6f8c8655fd3967a8ecb162d5,1,1,0,0
django/django,.github/workflows/python_matrix.yml,define-matrix,action,actions/checkout,v7,0,0,0,0
django/django,.github/workflows/python_matrix.yml,python,action,actions/checkout,v7,0,0,0,0
django/django,.github/workflows/python_matrix.yml,python,action,actions/setup-python,v6,0,0,0,0
django/django,.github/workflows/schedule_tests.yml,windows,action,actions/checkout,v7,0,0,0,0
django/django,.github/workflows/schedule_tests.yml,windows,action,actions/setup-python,v6,0,0,0,0
django/django,.github/workflows/schedule_tests.yml,pyc-only,action,actions/checkout,v7,0,0,0,0
django/django,.github/workflows/schedule_tests.yml,pyc-only,action,actions/setup-python,v6,0,0,0,0
django/django,.github/workflows/schedule_tests.yml,javascript-tests,action,actions/checkout,v7,0,0,0,0
django/django,.github/workflows/schedule_tests.yml,javascript-tests,action,actions/setup-node,v6,0,0,0,0
django/django,.github/workflows/schedule_tests.yml,playwright-sqlite,action,actions/checkout,v7,0,0,0,0
django/django,.github/workflows/schedule_tests.yml,playwright-sqlite,action,actions/setup-python,v6,0,0,0,0
django/django,.github/workflows/schedule_tests.yml,playwright-postgresql,action,actions/checkout,v7,0,0,0,0
django/django,.github/workflows/schedule_tests.yml,playwright-postgresql,action,actions/setup-python,v6,0,0,0,0
django/django,.github/workflows/schedule_tests.yml,postgresql,action,actions/checkout,v7,0,0,0,0
django/django,.github/workflows/schedule_tests.yml,postgresql,action,actions/setup-python,v6,0,0,0,0
django/django,.github/workflows/schedules.yml,trigger-runs,action,actions/github-script,v9,0,0,0,0
django/django,.github/workflows/screenshots.yml,playwright-screenshots,action,actions/checkout,v7,0,0,0,0
django/django,.github/workflows/screenshots.yml,playwright-screenshots,action,actions/setup-python,v6,0,0,0,0
django/django,.github/workflows/screenshots.yml,playwright-screenshots,action,actions/cache,v6,0,0,0,0
django/django,.github/workflows/screenshots.yml,playwright-screenshots,action,actions/upload-artifact,v7,0,0,0,0
django/django,.github/workflows/tests.yml,windows,action,actions/checkout,v7,0,0,0,0
django/django,.github/workflows/tests.yml,windows,action,actions/setup-python,v6,0,0,0,0
django/django,.github/workflows/tests.yml,ubuntu-free-threading,action,actions/checkout,v7,0,0,0,0
django/django,.github/workflows/tests.yml,ubuntu-free-threading,action,actions/setup-python,v6,0,0,0,0
django/django,.github/workflows/tests.yml,javascript-tests,action,actions/checkout,v7,0,0,0,0
django/django,.github/workflows/tests.yml,javascript-tests,action,actions/setup-node,v6,0,0,0,0
django/django,.github/workflows/tests.yml,scripts-tests,action,actions/checkout,v7,0,0,0,0
django/django,.github/workflows/tests.yml,scripts-tests,action,actions/setup-python,v6,0,0,0,0
react/react,.github/workflows/compiler_discord_notify.yml,check_maintainer,reusable-workflow,react/react/.github/workflows/shared_check_maintainer.yml,main,0,0,1,0
react/react,.github/workflows/compiler_discord_notify.yml,notify,action,tsickert/discord-webhook,86dc739f3f165f16dadc5666051c367efa1692f4,1,1,0,0
react/react,.github/workflows/compiler_playground.yml,playground,action,actions/checkout,v4,0,0,0,0
react/react,.github/workflows/compiler_playground.yml,playground,action,actions/setup-node,v4,0,0,0,0
react/react,.github/workflows/compiler_playground.yml,playground,action,actions/cache,v4,0,0,0,0
react/react,.github/workflows/compiler_playground.yml,playground,action,actions/cache,v4,0,0,0,0
react/react,.github/workflows/compiler_playground.yml,playground,action,actions/upload-artifact,v4,0,0,0,0
react/react,.github/workflows/compiler_prereleases.yml,publish_prerelease,action,actions/checkout,v4,0,0,0,0
react/react,.github/workflows/compiler_prereleases.yml,publish_prerelease,action,actions/setup-node,v4,0,0,0,0
react/react,.github/workflows/compiler_prereleases.yml,publish_prerelease,action,actions/cache,v4,0,0,0,0
react/react,.github/workflows/compiler_prereleases_manual.yml,publish_prerelease_experimental,reusable-workflow,react/react/.github/workflows/compiler_prereleases.yml,main,0,0,1,0
react/react,.github/workflows/compiler_prereleases_nightly.yml,publish_prerelease_experimental,reusable-workflow,react/react/.github/workflows/compiler_prereleases.yml,main,0,0,1,0
react/react,.github/workflows/compiler_rust.yml,rust,action,actions/checkout,v4,0,0,0,0
react/react,.github/workflows/compiler_rust.yml,rust,action,dtolnay/rust-toolchain,stable,0,1,0,0
react/react,.github/workflows/compiler_rust.yml,rust,action,actions/cache,v4,0,0,0,0
react/react,.github/workflows/compiler_rust.yml,rust,action,actions/setup-node,v4,0,0,0,0
react/react,.github/workflows/compiler_rust.yml,rust,action,actions/cache,v4,0,0,0,0
react/react,.github/workflows/compiler_rust_publish.yml,publish,action,actions/checkout,v4,0,0,0,1
react/react,.github/workflows/compiler_rust_publish.yml,publish,action,dtolnay/rust-toolchain,stable,0,1,0,1
react/react,.github/workflows/compiler_rust_publish.yml,publish,action,rust-lang/crates-io-auth-action,v1,0,1,0,1
react/react,.github/workflows/compiler_rust_version.yml,update_version,action,actions/checkout,v4,0,0,0,0
react/react,.github/workflows/compiler_rust_version.yml,update_version,action,dtolnay/rust-toolchain,stable,0,1,0,0
react/react,.github/workflows/compiler_rust_version.yml,update_version,action,actions/setup-node,v4,0,0,0,0
react/react,.github/workflows/compiler_typescript.yml,discover_yarn_workspaces,action,actions/checkout,v4,0,0,0,0
react/react,.github/workflows/compiler_typescript.yml,lint,action,actions/checkout,v4,0,0,0,0
react/react,.github/workflows/compiler_typescript.yml,lint,action,actions/setup-node,v4,0,0,0,0
react/react,.github/workflows/compiler_typescript.yml,lint,action,actions/cache,v4,0,0,0,0
react/react,.github/workflows/compiler_typescript.yml,jest,action,actions/checkout,v4,0,0,0,0
react/react,.github/workflows/compiler_typescript.yml,jest,action,actions/setup-node,v4,0,0,0,0
react/react,.github/workflows/compiler_typescript.yml,jest,action,actions/cache,v4,0,0,0,0
react/react,.github/workflows/compiler_typescript.yml,test,action,actions/checkout,v4,0,0,0,0
react/react,.github/workflows/compiler_typescript.yml,test,action,actions/setup-node,v4,0,0,0,0
react/react,.github/workflows/compiler_typescript.yml,test,action,actions/cache,v4,0,0,0,0
react/react,.github/workflows/devtools_cdt_mcp_publish.yml,notify_starting,action,tsickert/discord-webhook,86dc739f3f165f16dadc5666051c367efa1692f4,1,1,0,0
react/react,.github/workflows/devtools_cdt_mcp_publish.yml,publish,action,actions/checkout,v4,0,0,0,1
react/react,.github/workflows/devtools_cdt_mcp_publish.yml,publish,action,actions/setup-node,v4,0,0,0,1
react/react,.github/workflows/devtools_cdt_mcp_publish.yml,publish,action,actions/cache/restore,v4,0,0,0,1
react/react,.github/workflows/devtools_cdt_mcp_publish.yml,notify,action,tsickert/discord-webhook,86dc739f3f165f16dadc5666051c367efa1692f4,1,1,0,0
react/react,.github/workflows/devtools_discord_notify.yml,check_maintainer,reusable-workflow,react/react/.github/workflows/shared_check_maintainer.yml,main,0,0,1,0
react/react,.github/workflows/devtools_discord_notify.yml,notify,action,tsickert/discord-webhook,86dc739f3f165f16dadc5666051c367efa1692f4,1,1,0,0
react/react,.github/workflows/devtools_regression_tests.yml,download_build,action,actions/checkout,v4,0,0,0,0
react/react,.github/workflows/devtools_regression_tests.yml,download_build,action,actions/setup-node,v4,0,0,0,0
react/react,.github/workflows/devtools_regression_tests.yml,download_build,action,actions/cache,v4,0,0,0,0
react/react,.github/workflows/devtools_regression_tests.yml,download_build,action,actions/upload-artifact,v4,0,0,0,0
react/react,.github/workflows/devtools_regression_tests.yml,build_devtools_and_process_artifacts,action,actions/checkout,v4,0,0,0,0
react/react,.github/workflows/devtools_regression_tests.yml,build_devtools_and_process_artifacts,action,actions/setup-node,v4,0,0,0,0
react/react,.github/workflows/devtools_regression_tests.yml,build_devtools_and_process_artifacts,action,actions/cache,v4,0,0,0,0
react/react,.github/workflows/devtools_regression_tests.yml,build_devtools_and_process_artifacts,action,actions/download-artifact,v4,0,0,0,0
react/react,.github/workflows/devtools_regression_tests.yml,build_devtools_and_process_artifacts,action,actions/upload-artifact,v4,0,0,0,0
react/react,.github/workflows/devtools_regression_tests.yml,build_devtools_and_process_artifacts,action,actions/upload-artifact,v4,0,0,0,0
react/react,.github/workflows/devtools_regression_tests.yml,build_devtools_and_process_artifacts,action,actions/upload-artifact,v4,0,0,0,0
react/react,.github/workflows/devtools_regression_tests.yml,run_devtools_tests_for_versions,action,actions/checkout,v4,0,0,0,0
react/react,.github/workflows/devtools_regression_tests.yml,run_devtools_tests_for_versions,action,actions/setup-node,v4,0,0,0,0
react/react,.github/workflows/devtools_regression_tests.yml,run_devtools_tests_for_versions,action,actions/cache,v4,0,0,0,0
react/react,.github/workflows/devtools_regression_tests.yml,run_devtools_tests_for_versions,action,actions/download-artifact,v4,0,0,0,0
react/react,.github/workflows/devtools_regression_tests.yml,run_devtools_e2e_tests_for_versions,action,actions/checkout,v4,0,0,0,0
react/react,.github/workflows/devtools_regression_tests.yml,run_devtools_e2e_tests_for_versions,action,actions/setup-node,v4,0,0,0,0
react/react,.github/workflows/devtools_regression_tests.yml,run_devtools_e2e_tests_for_versions,action,actions/cache,v4,0,0,0,0
react/react,.github/workflows/devtools_regression_tests.yml,run_devtools_e2e_tests_for_versions,action,actions/download-artifact,v4,0,0,0,0
react/react,.github/workflows/devtools_regression_tests.yml,run_devtools_e2e_tests_for_versions,action,actions/cache,v4,0,0,0,0
react/react,.github/workflows/devtools_regression_tests.yml,run_devtools_e2e_tests_for_versions,action,actions/upload-artifact,v4,0,0,0,0
react/react,.github/workflows/runtime_build_and_test.yml,runtime_node_modules_cache,action,actions/checkout,v4,0,0,0,0
react/react,.github/workflows/runtime_build_and_test.yml,runtime_node_modules_cache,action,actions/cache,v4,0,0,0,0
react/react,.github/workflows/runtime_build_and_test.yml,runtime_node_modules_cache,action,actions/setup-node,v4,0,0,0,0
react/react,.github/workflows/runtime_build_and_test.yml,runtime_compiler_node_modules_cache,action,actions/checkout,v4,0,0,0,0
react/react,.github/workflows/runtime_build_and_test.yml,runtime_compiler_node_modules_cache,action,actions/setup-node,v4,0,0,0,0
react/react,.github/workflows/runtime_build_and_test.yml,runtime_compiler_node_modules_cache,action,actions/cache,v4,0,0,0,0
react/react,.github/workflows/runtime_build_and_test.yml,resolve_build_weights,action,actions/cache/restore,v4,0,0,0,0
react/react,.github/workflows/runtime_build_and_test.yml,resolve_build_weights,action,actions/upload-artifact,v4,0,0,0,0
react/react,.github/workflows/runtime_build_and_test.yml,discover_flow_inline_configs,action,actions/checkout,v4,0,0,0,0
react/react,.github/workflows/runtime_build_and_test.yml,discover_flow_inline_configs,action,actions/github-script,v7,0,0,0,0
react/react,.github/workflows/runtime_build_and_test.yml,flow,action,actions/checkout,v4,0,0,0,0
react/react,.github/workflows/runtime_build_and_test.yml,flow,action,actions/setup-node,v4,0,0,0,0
react/react,.github/workflows/runtime_build_and_test.yml,flow,action,actions/cache/restore,v4,0,0,0,0
react/react,.github/workflows/runtime_build_and_test.yml,check_generated_fizz_runtime,action,actions/checkout,v4,0,0,0,0
react/react,.github/workflows/runtime_build_and_test.yml,check_generated_fizz_runtime,action,actions/setup-node,v4,0,0,0,0
react/react,.github/workflows/runtime_build_and_test.yml,check_generated_fizz_runtime,action,actions/cache/restore,v4,0,0,0,0
react/react,.github/workflows/runtime_build_and_test.yml,flags,action,actions/checkout,v4,0,0,0,0
react/react,.github/workflows/runtime_build_and_test.yml,flags,action,actions/setup-node,v4,0,0,0,0
react/react,.github/workflows/runtime_build_and_test.yml,flags,action,actions/cache/restore,v4,0,0,0,0
react/react,.github/workflows/runtime_build_and_test.yml,test,action,actions/checkout,v4,0,0,0,0
react/react,.github/workflows/runtime_build_and_test.yml,test,action,actions/setup-node,v4,0,0,0,0
react/react,.github/workflows/runtime_build_and_test.yml,test,action,actions/cache/restore,v4,0,0,0,0
react/react,.github/workflows/runtime_build_and_test.yml,test-linter,action,actions/checkout,v4,0,0,0,0
react/react,.github/workflows/runtime_build_and_test.yml,test-linter,action,actions/setup-node,v4,0,0,0,0
react/react,.github/workflows/runtime_build_and_test.yml,test-linter,action,actions/cache/restore,v4,0,0,0,0
react/react,.github/workflows/runtime_build_and_test.yml,build_and_lint,action,actions/checkout,v4,0,0,0,0
react/react,.github/workflows/runtime_build_and_test.yml,build_and_lint,action,actions/setup-java,v4,0,0,0,0
react/react,.github/workflows/runtime_build_and_test.yml,build_and_lint,action,actions/setup-node,v4,0,0,0,0
react/react,.github/workflows/runtime_build_and_test.yml,build_and_lint,action,actions/cache/restore,v4,0,0,0,0
react/react,.github/workflows/runtime_build_and_test.yml,build_and_lint,action,actions/download-artifact,v4,0,0,0,0
react/react,.github/workflows/runtime_build_and_test.yml,build_and_lint,action,actions/upload-artifact,v4,0,0,0,0
react/react,.github/workflows/runtime_build_and_test.yml,test_build,action,actions/checkout,v4,0,0,0,0
react/react,.github/workflows/runtime_build_and_test.yml,test_build,action,actions/download-artifact,v4,0,0,0,0
react/react,.github/workflows/runtime_build_and_test.yml,test_build,action,actions/setup-node,v4,0,0,0,0
react/react,.github/workflows/runtime_build_and_test.yml,test_build,action,actions/cache/restore,v4,0,0,0,0
react/react,.github/workflows/runtime_build_and_test.yml,test_build_devtools,action,actions/checkout,v4,0,0,0,0
react/react,.github/workflows/runtime_build_and_test.yml,test_build_devtools,action,actions/download-artifact,v4,0,0,0,0
react/react,.github/workflows/runtime_build_and_test.yml,test_build_devtools,action,actions/setup-node,v4,0,0,0,0
react/react,.github/workflows/runtime_build_and_test.yml,test_build_devtools,action,actions/cache/restore,v4,0,0,0,0
react/react,.github/workflows/runtime_build_and_test.yml,process_artifacts_combined,action,actions/checkout,v4,0,0,0,1
react/react,.github/workflows/runtime_build_and_test.yml,process_artifacts_combined,action,actions/download-artifact,v4,0,0,0,1
react/react,.github/workflows/runtime_build_and_test.yml,process_artifacts_combined,action,actions/setup-node,v4,0,0,0,1
react/react,.github/workflows/runtime_build_and_test.yml,process_artifacts_combined,action,actions/cache/restore,v4,0,0,0,1
react/react,.github/workflows/runtime_build_and_test.yml,process_artifacts_combined,action,actions/download-artifact,v4,0,0,0,1
react/react,.github/workflows/runtime_build_and_test.yml,process_artifacts_combined,action,actions/cache/save,v4,0,0,0,1
react/react,.github/workflows/runtime_build_and_test.yml,process_artifacts_combined,action,actions/upload-artifact,v4,0,0,0,1
react/react,.github/workflows/runtime_build_and_test.yml,process_artifacts_combined,action,actions/attest-build-provenance,v2,0,0,0,1
react/react,.github/workflows/runtime_build_and_test.yml,check_error_codes,action,actions/checkout,v4,0,0,0,0
react/react,.github/workflows/runtime_build_and_test.yml,check_error_codes,action,actions/download-artifact,v4,0,0,0,0
react/react,.github/workflows/runtime_build_and_test.yml,check_error_codes,action,actions/setup-node,v4,0,0,0,0
react/react,.github/workflows/runtime_build_and_test.yml,check_error_codes,action,actions/cache/restore,v4,0,0,0,0
react/react,.github/workflows/runtime_build_and_test.yml,check_release_dependencies,action,actions/checkout,v4,0,0,0,0
react/react,.github/workflows/runtime_build_and_test.yml,check_release_dependencies,action,actions/download-artifact,v4,0,0,0,0
react/react,.github/workflows/runtime_build_and_test.yml,check_release_dependencies,action,actions/setup-node,v4,0,0,0,0
react/react,.github/workflows/runtime_build_and_test.yml,check_release_dependencies,action,actions/cache/restore,v4,0,0,0,0
react/react,.github/workflows/runtime_build_and_test.yml,RELEASE_CHANNEL_stable_yarn_test_dom_fixtures,action,actions/checkout,v4,0,0,0,0
react/react,.github/workflows/runtime_build_and_test.yml,RELEASE_CHANNEL_stable_yarn_test_dom_fixtures,action,actions/download-artifact,v4,0,0,0,0
react/react,.github/workflows/runtime_build_and_test.yml,RELEASE_CHANNEL_stable_yarn_test_dom_fixtures,action,actions/setup-node,v4,0,0,0,0
react/react,.github/workflows/runtime_build_and_test.yml,RELEASE_CHANNEL_stable_yarn_test_dom_fixtures,action,actions/cache,v4,0,0,0,0
react/react,.github/workflows/runtime_build_and_test.yml,run_fixtures_flight_tests,action,actions/checkout,v4,0,0,0,0
react/react,.github/workflows/runtime_build_and_test.yml,run_fixtures_flight_tests,action,actions/download-artifact,v4,0,0,0,0
react/react,.github/workflows/runtime_build_and_test.yml,run_fixtures_flight_tests,action,actions/setup-node,v4,0,0,0,0
react/react,.github/workflows/runtime_build_and_test.yml,run_fixtures_flight_tests,action,actions/cache,v4,0,0,0,0
react/react,.github/workflows/runtime_build_and_test.yml,run_fixtures_flight_tests,action,actions/cache,v4,0,0,0,0
react/react,.github/workflows/runtime_build_and_test.yml,run_fixtures_flight_tests,action,actions/upload-artifact,v4,0,0,0,0
react/react,.github/workflows/runtime_build_and_test.yml,run_fixtures_flight_tests,action,actions/upload-artifact,v4,0,0,0,0
react/react,.github/workflows/runtime_build_and_test.yml,build_devtools_and_process_artifacts,action,actions/checkout,v4,0,0,0,0
react/react,.github/workflows/runtime_build_and_test.yml,build_devtools_and_process_artifacts,action,actions/download-artifact,v4,0,0,0,0
react/react,.github/workflows/runtime_build_and_test.yml,build_devtools_and_process_artifacts,action,actions/setup-node,v4,0,0,0,0
react/react,.github/workflows/runtime_build_and_test.yml,build_devtools_and_process_artifacts,action,actions/cache/restore,v4,0,0,0,0
react/react,.github/workflows/runtime_build_and_test.yml,build_devtools_and_process_artifacts,action,actions/upload-artifact,v4,0,0,0,0
react/react,.github/workflows/runtime_build_and_test.yml,build_devtools_and_process_artifacts,action,actions/upload-artifact,v4,0,0,0,0
react/react,.github/workflows/runtime_build_and_test.yml,merge_devtools_artifacts,action,actions/upload-artifact/merge,v4,0,0,0,0
react/react,.github/workflows/runtime_build_and_test.yml,runtime_playwright_chromium_cache,action,actions/checkout,v4,0,0,0,0
react/react,.github/workflows/runtime_build_and_test.yml,runtime_playwright_chromium_cache,action,actions/setup-node,v4,0,0,0,0
react/react,.github/workflows/runtime_build_and_test.yml,runtime_playwright_chromium_cache,action,actions/cache/restore,v4,0,0,0,0
react/react,.github/workflows/runtime_build_and_test.yml,runtime_playwright_chromium_cache,action,actions/cache,v4,0,0,0,0
react/react,.github/workflows/runtime_build_and_test.yml,run_devtools_e2e_tests,action,actions/checkout,v4,0,0,0,0
react/react,.github/workflows/runtime_build_and_test.yml,run_devtools_e2e_tests,action,actions/download-artifact,v4,0,0,0,0
react/react,.github/workflows/runtime_build_and_test.yml,run_devtools_e2e_tests,action,actions/setup-node,v4,0,0,0,0
react/react,.github/workflows/runtime_build_and_test.yml,run_devtools_e2e_tests,action,actions/cache/restore,v4,0,0,0,0
react/react,.github/workflows/runtime_build_and_test.yml,run_devtools_e2e_tests,action,actions/cache/restore,v4,0,0,0,0
react/react,.github/workflows/runtime_build_and_test.yml,run_devtools_e2e_tests,action,actions/upload-artifact,v4,0,0,0,0
react/react,.github/workflows/runtime_build_and_test.yml,run_react_devtools_cdt_mcp_e2e_tests,action,actions/checkout,v4,0,0,0,0
react/react,.github/workflows/runtime_build_and_test.yml,run_react_devtools_cdt_mcp_e2e_tests,action,actions/download-artifact,v4,0,0,0,0
react/react,.github/workflows/runtime_build_and_test.yml,run_react_devtools_cdt_mcp_e2e_tests,action,actions/setup-node,v4,0,0,0,0
react/react,.github/workflows/runtime_build_and_test.yml,run_react_devtools_cdt_mcp_e2e_tests,action,actions/cache/restore,v4,0,0,0,0
react/react,.github/workflows/runtime_build_and_test.yml,run_react_devtools_cdt_mcp_e2e_tests,action,actions/cache/restore,v4,0,0,0,0
react/react,.github/workflows/runtime_build_and_test.yml,run_react_devtools_cdt_mcp_e2e_tests,action,actions/upload-artifact,v4,0,0,0,0
react/react,.github/workflows/runtime_build_and_test.yml,sizebot,action,actions/checkout,v4,0,0,0,0
react/react,.github/workflows/runtime_build_and_test.yml,sizebot,action,actions/setup-node,v4,0,0,0,0
react/react,.github/workflows/runtime_build_and_test.yml,sizebot,action,actions/cache,v4,0,0,0,0
react/react,.github/workflows/runtime_build_and_test.yml,sizebot,action,actions/download-artifact,v4,0,0,0,0
react/react,.github/workflows/runtime_build_and_test.yml,sizebot,action,actions/upload-artifact,v4,0,0,0,0
react/react,.github/workflows/runtime_commit_artifacts.yml,download_artifacts,action,actions/checkout,v4,0,0,0,0
react/react,.github/workflows/runtime_commit_artifacts.yml,download_artifacts,action,actions/cache,v4,0,0,0,0
react/react,.github/workflows/runtime_commit_artifacts.yml,download_artifacts,action,actions/upload-artifact,v4,0,0,0,0
react/react,.github/workflows/runtime_commit_artifacts.yml,process_artifacts,action,actions/checkout,v4,0,0,0,0
react/react,.github/workflows/runtime_commit_artifacts.yml,process_artifacts,action,actions/checkout,v4,0,0,0,0
react/react,.github/workflows/runtime_commit_artifacts.yml,process_artifacts,action,actions/checkout,v4,0,0,0,0
react/react,.github/workflows/runtime_commit_artifacts.yml,process_artifacts,action,actions/download-artifact,v4,0,0,0,0
react/react,.github/workflows/runtime_commit_artifacts.yml,process_artifacts,action,actions/upload-artifact,v4,0,0,0,0
react/react,.github/workflows/runtime_commit_artifacts.yml,process_artifacts,action,actions/upload-artifact,v4,0,0,0,0
react/react,.github/workflows/runtime_commit_artifacts.yml,commit_www_artifacts,action,actions/checkout,v4,0,0,0,0
react/react,.github/workflows/runtime_commit_artifacts.yml,commit_www_artifacts,action,actions/download-artifact,v4,0,0,0,0
react/react,.github/workflows/runtime_commit_artifacts.yml,commit_fbsource_artifacts,action,actions/checkout,v4,0,0,0,0
react/react,.github/workflows/runtime_commit_artifacts.yml,commit_fbsource_artifacts,action,actions/download-artifact,v4,0,0,0,0
react/react,.github/workflows/runtime_commit_artifacts.yml,commit_fbsource_artifacts,action,actions/github-script,v7,0,0,0,0
react/react,.github/workflows/runtime_discord_notify.yml,check_maintainer,reusable-workflow,react/react/.github/workflows/shared_check_maintainer.yml,main,0,0,1,0
react/react,.github/workflows/runtime_discord_notify.yml,notify,action,tsickert/discord-webhook,86dc739f3f165f16dadc5666051c367efa1692f4,1,1,0,0
react/react,.github/workflows/runtime_eslint_plugin_e2e.yml,test,action,actions/checkout,v4,0,0,0,0
react/react,.github/workflows/runtime_eslint_plugin_e2e.yml,test,action,actions/setup-node,v4,0,0,0,0
react/react,.github/workflows/runtime_eslint_plugin_e2e.yml,test,action,actions/cache,v4,0,0,0,0
react/react,.github/workflows/runtime_fuzz_tests.yml,test_fuzz,action,actions/checkout,v4.1.0,0,0,0,0
react/react,.github/workflows/runtime_fuzz_tests.yml,test_fuzz,action,actions/setup-node,v4,0,0,0,0
react/react,.github/workflows/runtime_release_from_ci.yml,notify_starting,action,tsickert/discord-webhook,86dc739f3f165f16dadc5666051c367efa1692f4,1,1,0,0
react/react,.github/workflows/runtime_release_from_ci.yml,publish,action,actions/checkout,v4,0,0,0,1
react/react,.github/workflows/runtime_release_from_ci.yml,publish,action,actions/setup-node,v4,0,0,0,1
react/react,.github/workflows/runtime_release_from_ci.yml,publish,action,actions/cache,v4,0,0,0,1
react/react,.github/workflows/runtime_release_from_ci.yml,notify,action,tsickert/discord-webhook,86dc739f3f165f16dadc5666051c367efa1692f4,1,1,0,0
react/react,.github/workflows/runtime_sizebot_comment.yml,comment,action,actions/checkout,v4,0,0,0,0
react/react,.github/workflows/runtime_sizebot_comment.yml,comment,action,actions/github-script,v7,0,0,0,0
react/react,.github/workflows/runtime_sizebot_comment.yml,comment,action,actions/download-artifact,v4,0,0,0,0
react/react,.github/workflows/runtime_sizebot_comment.yml,comment,action,actions/upload-artifact,v4,0,0,0,0
react/react,.github/workflows/runtime_sizebot_comment.yml,comment,action,actions/github-script,v7,0,0,0,0
react/react,.github/workflows/shared_check_maintainer.yml,check_maintainer,action,actions/github-script,v7,0,0,0,0
react/react,.github/workflows/shared_close_direct_sync_branch_prs.yml,close_pr,action,actions/github-script,v7,0,0,0,0
react/react,.github/workflows/shared_label_core_team_prs.yml,check_maintainer,reusable-workflow,react/react/.github/workflows/shared_check_maintainer.yml,main,0,0,1,0
react/react,.github/workflows/shared_label_core_team_prs.yml,label,action,actions/github-script,v7,0,0,0,0
react/react,.github/workflows/shared_lint.yml,prettier,action,actions/checkout,v4,0,0,0,0
react/react,.github/workflows/shared_lint.yml,prettier,action,actions/setup-node,v4,0,0,0,0
react/react,.github/workflows/shared_lint.yml,prettier,action,actions/cache,v4,0,0,0,0
react/react,.github/workflows/shared_lint.yml,eslint,action,actions/checkout,v4,0,0,0,0
react/react,.github/workflows/shared_lint.yml,eslint,action,actions/setup-node,v4,0,0,0,0
react/react,.github/workflows/shared_lint.yml,eslint,action,actions/cache,v4,0,0,0,0
react/react,.github/workflows/shared_lint.yml,check_license,action,actions/checkout,v4,0,0,0,0
react/react,.github/workflows/shared_lint.yml,check_license,action,actions/setup-node,v4,0,0,0,0
react/react,.github/workflows/shared_lint.yml,check_license,action,actions/cache,v4,0,0,0,0
react/react,.github/workflows/shared_lint.yml,test_print_warnings,action,actions/checkout,v4,0,0,0,0
react/react,.github/workflows/shared_lint.yml,test_print_warnings,action,actions/setup-node,v4,0,0,0,0
react/react,.github/workflows/shared_lint.yml,test_print_warnings,action,actions/cache,v4,0,0,0,0
react/react,.github/workflows/shared_stale.yml,stale,action,actions/stale,v9,0,0,0,0
vercel/next.js,.github/workflows/automated_code_review.yml,review,action,actions/checkout,de0fac2e4500dabe0009e67214ff5f5447ce83dd,1,0,0,1
vercel/next.js,.github/workflows/automated_code_review.yml,review,action,actions/github-script,3a2844b7e9c422d3c10d287c895573f7108da1b3,1,0,0,1
vercel/next.js,.github/workflows/automated_code_review.yml,review,action,vercel/gh-sts-action,c30f0b7a16e0766c4ffbc0d210b54d0e75053fd2,1,1,0,1
vercel/next.js,.github/workflows/automated_code_review.yml,review,action,actions/github-script,3a2844b7e9c422d3c10d287c895573f7108da1b3,1,0,0,1
vercel/next.js,.github/workflows/build_and_deploy.yml,deploy-target,action,actions/checkout,de0fac2e4500dabe0009e67214ff5f5447ce83dd,1,0,0,0
vercel/next.js,.github/workflows/build_and_deploy.yml,deploy-target,action,actions/setup-node,48b55a011bda9f5d6aeb4c2d9c7362e8dae4041e,1,0,0,0
vercel/next.js,.github/workflows/build_and_deploy.yml,build,action,actions/checkout,de0fac2e4500dabe0009e67214ff5f5447ce83dd,1,0,0,1
vercel/next.js,.github/workflows/build_and_deploy.yml,build,action,vercel/setup-turborepo-remote-cache-action,135046f5efcadb17337d9b29b8d5b4035ae64b10,1,1,0,1
vercel/next.js,.github/workflows/build_and_deploy.yml,build,action,actions/setup-node,48b55a011bda9f5d6aeb4c2d9c7362e8dae4041e,1,0,0,1
vercel/next.js,.github/workflows/build_and_deploy.yml,build,action,actions/cache,27d5ce7f107fe9357f9df03efb73ab90386fccae,1,0,0,1
vercel/next.js,.github/workflows/build_and_deploy.yml,build,action,actions/cache,27d5ce7f107fe9357f9df03efb73ab90386fccae,1,0,0,1
vercel/next.js,.github/workflows/build_and_deploy.yml,generate-native-matrix,action,mmastrac/mmm-matrix,3edd85c30addba11887c770740309c979a446aa9,1,1,0,0
vercel/next.js,.github/workflows/build_and_deploy.yml,build-native,action,actions/checkout,de0fac2e4500dabe0009e67214ff5f5447ce83dd,1,0,0,1
vercel/next.js,.github/workflows/build_and_deploy.yml,build-native,action,vercel/setup-turborepo-remote-cache-action,135046f5efcadb17337d9b29b8d5b4035ae64b10,1,1,0,1
vercel/next.js,.github/workflows/build_and_deploy.yml,build-native,action,actions/setup-node,48b55a011bda9f5d6aeb4c2d9c7362e8dae4041e,1,0,0,1
vercel/next.js,.github/workflows/build_and_deploy.yml,build-native,action,actions/cache/restore,27d5ce7f107fe9357f9df03efb73ab90386fccae,1,0,0,1
vercel/next.js,.github/workflows/build_and_deploy.yml,build-native,action,actions/github-script,d746ffe35508b1917358783b479e04febd2b8f71,1,0,0,1
vercel/next.js,.github/workflows/build_and_deploy.yml,build-native,action,actions/cache/save,27d5ce7f107fe9357f9df03efb73ab90386fccae,1,0,0,1
vercel/next.js,.github/workflows/build_and_deploy.yml,build-native,action,actions/upload-artifact,043fb46d1a93c77aae656e7c1c64a875d1fc6a0a,1,0,0,1
vercel/next.js,.github/workflows/build_and_deploy.yml,build-native,action,actions/upload-artifact,043fb46d1a93c77aae656e7c1c64a875d1fc6a0a,1,0,0,1
vercel/next.js,.github/workflows/build_and_deploy.yml,build-native,action,actions/upload-artifact,043fb46d1a93c77aae656e7c1c64a875d1fc6a0a,1,0,0,1
vercel/next.js,.github/workflows/build_and_deploy.yml,build-wasm,action,actions/checkout,de0fac2e4500dabe0009e67214ff5f5447ce83dd,1,0,0,1
vercel/next.js,.github/workflows/build_and_deploy.yml,build-wasm,action,vercel/setup-turborepo-remote-cache-action,135046f5efcadb17337d9b29b8d5b4035ae64b10,1,1,0,1
vercel/next.js,.github/workflows/build_and_deploy.yml,build-wasm,action,actions/setup-node,48b55a011bda9f5d6aeb4c2d9c7362e8dae4041e,1,0,0,1
vercel/next.js,.github/workflows/build_and_deploy.yml,build-wasm,action,actions/upload-artifact,043fb46d1a93c77aae656e7c1c64a875d1fc6a0a,1,0,0,1
vercel/next.js,.github/workflows/build_and_deploy.yml,build-wasm,action,actions/upload-artifact,043fb46d1a93c77aae656e7c1c64a875d1fc6a0a,1,0,0,1
vercel/next.js,.github/workflows/build_and_deploy.yml,deploy-tarball,action,actions/cache/restore,27d5ce7f107fe9357f9df03efb73ab90386fccae,1,0,0,0
vercel/next.js,.github/workflows/build_and_deploy.yml,deploy-tarball,action,actions/setup-node,48b55a011bda9f5d6aeb4c2d9c7362e8dae4041e,1,0,0,0
vercel/next.js,.github/workflows/build_and_deploy.yml,deploy-tarball,action,actions/download-artifact,3e5f45b2cfb9172054b4087a40e8e0b5a5461e7c,1,0,0,0
vercel/next.js,.github/workflows/build_and_deploy.yml,deploy-tarball,action,actions/download-artifact,3e5f45b2cfb9172054b4087a40e8e0b5a5461e7c,1,0,0,0
vercel/next.js,.github/workflows/build_and_deploy.yml,deploy-tarball,action,actions/upload-artifact,043fb46d1a93c77aae656e7c1c64a875d1fc6a0a,1,0,0,0
vercel/next.js,.github/workflows/build_and_deploy.yml,publishRelease,action,actions/setup-node,48b55a011bda9f5d6aeb4c2d9c7362e8dae4041e,1,0,0,1
vercel/next.js,.github/workflows/build_and_deploy.yml,publishRelease,action,actions/cache/restore,27d5ce7f107fe9357f9df03efb73ab90386fccae,1,0,0,1
vercel/next.js,.github/workflows/build_and_deploy.yml,publishRelease,action,actions/download-artifact,3e5f45b2cfb9172054b4087a40e8e0b5a5461e7c,1,0,0,1
vercel/next.js,.github/workflows/build_and_deploy.yml,publishRelease,action,actions/download-artifact,3e5f45b2cfb9172054b4087a40e8e0b5a5461e7c,1,0,0,1
vercel/next.js,.github/workflows/build_and_deploy.yml,publishRelease,action,actions/create-github-app-token,bcd2ba49218906704ab6c1aa796996da409d3eb1,1,0,0,1
vercel/next.js,.github/workflows/build_and_deploy.yml,publishRelease,action,actions/upload-artifact,043fb46d1a93c77aae656e7c1c64a875d1fc6a0a,1,0,0,1
vercel/next.js,.github/workflows/build_and_deploy.yml,reportPublishFailure,action,slackapi/slack-github-action,6c661ce58804a1a20f6dc5fbee7f0381b469e001,1,1,0,0
vercel/next.js,.github/workflows/build_and_deploy.yml,upload_turbopack_bytesize,action,actions/checkout,de0fac2e4500dabe0009e67214ff5f5447ce83dd,1,0,0,0
vercel/next.js,.github/workflows/build_and_deploy.yml,upload_turbopack_bytesize,action,actions/download-artifact,3e5f45b2cfb9172054b4087a40e8e0b5a5461e7c,1,0,0,0
vercel/next.js,.github/workflows/build_and_test.yml,changes,action,actions/checkout,de0fac2e4500dabe0009e67214ff5f5447ce83dd,1,0,0,0
vercel/next.js,.github/workflows/build_and_test.yml,pr-ci-metadata,action,actions/upload-artifact,043fb46d1a93c77aae656e7c1c64a875d1fc6a0a,1,0,0,0
vercel/next.js,.github/workflows/build_and_test.yml,fetch-test-timings,action,actions/setup-node,48b55a011bda9f5d6aeb4c2d9c7362e8dae4041e,1,0,0,0
vercel/next.js,.github/workflows/build_and_test.yml,fetch-test-timings,action,actions/checkout,de0fac2e4500dabe0009e67214ff5f5447ce83dd,1,0,0,0
vercel/next.js,.github/workflows/build_and_test.yml,fetch-test-timings,action,actions/cache,27d5ce7f107fe9357f9df03efb73ab90386fccae,1,0,0,0
vercel/next.js,.github/workflows/build_and_test.yml,fetch-test-timings,action,actions/upload-artifact,043fb46d1a93c77aae656e7c1c64a875d1fc6a0a,1,0,0,0
vercel/next.js,.github/workflows/build_and_test.yml,validate-docs-links,action,actions/checkout,de0fac2e4500dabe0009e67214ff5f5447ce83dd,1,0,0,0
vercel/next.js,.github/workflows/build_and_test.yml,validate-docs-links,action,actions/setup-node,48b55a011bda9f5d6aeb4c2d9c7362e8dae4041e,1,0,0,0
vercel/next.js,.github/workflows/build_and_test.yml,ast-grep,action,actions/checkout,de0fac2e4500dabe0009e67214ff5f5447ce83dd,1,0,0,0
vercel/next.js,.github/workflows/build_and_test.yml,ast-grep,action,ast-grep/action,cf62e780f0c88301228978d593a7784427a097a6,1,1,0,0
vercel/next.js,.github/workflows/build_and_test.yml,wait-for-preview-tarball,action,actions/checkout,de0fac2e4500dabe0009e67214ff5f5447ce83dd,1,0,0,1
vercel/next.js,.github/workflows/build_reusable.yml,build,action,actions/checkout,de0fac2e4500dabe0009e67214ff5f5447ce83dd,1,0,0,0
vercel/next.js,.github/workflows/build_reusable.yml,build,action,vercel/setup-turborepo-remote-cache-action,135046f5efcadb17337d9b29b8d5b4035ae64b10,1,1,0,0
vercel/next.js,.github/workflows/build_reusable.yml,build,action,actions/download-artifact,3e5f45b2cfb9172054b4087a40e8e0b5a5461e7c,1,0,0,0
vercel/next.js,.github/workflows/build_reusable.yml,build,action,actions/upload-artifact,043fb46d1a93c77aae656e7c1c64a875d1fc6a0a,1,0,0,0
vercel/next.js,.github/workflows/build_reusable.yml,build,action,actions/upload-artifact,043fb46d1a93c77aae656e7c1c64a875d1fc6a0a,1,0,0,0
vercel/next.js,.github/workflows/build_reusable.yml,build,action,actions/cache,27d5ce7f107fe9357f9df03efb73ab90386fccae,1,0,0,0
vercel/next.js,.github/workflows/build_reusable.yml,build,action,actions/download-artifact,3e5f45b2cfb9172054b4087a40e8e0b5a5461e7c,1,0,0,0
vercel/next.js,.github/workflows/build_reusable.yml,build,action,actions/github-script,d746ffe35508b1917358783b479e04febd2b8f71,1,0,0,0
vercel/next.js,.github/workflows/build_reusable.yml,build,action,actions/cache/restore,27d5ce7f107fe9357f9df03efb73ab90386fccae,1,0,0,0
vercel/next.js,.github/workflows/build_reusable.yml,build,action,actions/cache/save,27d5ce7f107fe9357f9df03efb73ab90386fccae,1,0,0,0
vercel/next.js,.github/workflows/build_reusable.yml,build,action,actions/upload-artifact,043fb46d1a93c77aae656e7c1c64a875d1fc6a0a,1,0,0,0
vercel/next.js,.github/workflows/build_reusable.yml,build,action,actions/upload-artifact,043fb46d1a93c77aae656e7c1c64a875d1fc6a0a,1,0,0,0
vercel/next.js,.github/workflows/build_reusable.yml,build,action,actions/upload-artifact,043fb46d1a93c77aae656e7c1c64a875d1fc6a0a,1,0,0,0
vercel/next.js,.github/workflows/build_reusable.yml,build,action,actions/upload-artifact,043fb46d1a93c77aae656e7c1c64a875d1fc6a0a,1,0,0,0
vercel/next.js,.github/workflows/create_release_branch.yml,start,action,actions/setup-node,48b55a011bda9f5d6aeb4c2d9c7362e8dae4041e,1,0,0,0
vercel/next.js,.github/workflows/create_release_branch.yml,start,action,actions/create-github-app-token,bcd2ba49218906704ab6c1aa796996da409d3eb1,1,0,0,0
vercel/next.js,.github/workflows/create_release_branch.yml,start,action,actions/cache,27d5ce7f107fe9357f9df03efb73ab90386fccae,1,0,0,0
vercel/next.js,.github/workflows/integration_tests_reusable.yml,collect_nextjs_development_integration_stat,action,actions/checkout,de0fac2e4500dabe0009e67214ff5f5447ce83dd,1,0,0,0
vercel/next.js,.github/workflows/integration_tests_reusable.yml,collect_nextjs_development_integration_stat,action,actions/upload-artifact,043fb46d1a93c77aae656e7c1c64a875d1fc6a0a,1,0,0,0
vercel/next.js,.github/workflows/issue_lock.yml,action,action,dessant/lock-threads,89ae32b08ed1a541efecbab17912962a5e38981c,1,1,0,0
vercel/next.js,.github/workflows/issue_reopen.yml,handle,action,actions/checkout,de0fac2e4500dabe0009e67214ff5f5447ce83dd,1,0,0,0
vercel/next.js,.github/workflows/next-maintainer-auto-close.yml,close-one-verified-issue,action,actions/checkout,de0fac2e4500dabe0009e67214ff5f5447ce83dd,1,0,0,1
vercel/next.js,.github/workflows/next-maintainer-auto-close.yml,close-one-verified-issue,action,actions/github-script,3a2844b7e9c422d3c10d287c895573f7108da1b3,1,0,0,1
vercel/next.js,.github/workflows/pr_ci_comment.yml,comment,action,actions/checkout,de0fac2e4500dabe0009e67214ff5f5447ce83dd,1,0,0,0
vercel/next.js,.github/workflows/pr_ci_comment.yml,comment,action,actions/download-artifact,3e5f45b2cfb9172054b4087a40e8e0b5a5461e7c,1,0,0,0
vercel/next.js,.github/workflows/pr_stack_optimizer.yml,optimize-ci,action,actions/checkout,de0fac2e4500dabe0009e67214ff5f5447ce83dd,1,0,0,0
vercel/next.js,.github/workflows/pull_request_auto_label.yml,label,action,vercel/next.js/.github/actions/pr-auto-label,canary,0,0,1,0
vercel/next.js,.github/workflows/release-next-rspack.yml,build,reusable-workflow,rstackjs/rspack-toolchain/.github/workflows/build.yml,c0b7f47d0d657adbc4fddb3b3f2b607019004491,1,1,0,0
vercel/next.js,.github/workflows/release-next-rspack.yml,release,action,actions/checkout,de0fac2e4500dabe0009e67214ff5f5447ce83dd,1,0,0,1
vercel/next.js,.github/workflows/release-next-rspack.yml,release,action,actions/setup-node,48b55a011bda9f5d6aeb4c2d9c7362e8dae4041e,1,0,0,1
vercel/next.js,.github/workflows/release-next-rspack.yml,release,action,actions/cache,27d5ce7f107fe9357f9df03efb73ab90386fccae,1,0,0,1
vercel/next.js,.github/workflows/release-next-rspack.yml,release,action,rstackjs/rspack-toolchain/get-napi-info,c0b7f47d0d657adbc4fddb3b3f2b607019004491,1,1,0,1
vercel/next.js,.github/workflows/release-next-rspack.yml,release,action,rstackjs/rspack-toolchain/download-rspack-binding,c0b7f47d0d657adbc4fddb3b3f2b607019004491,1,1,0,1
vercel/next.js,.github/workflows/retry_deploy_test.yml,report-failure,action,slackapi/slack-github-action,6c661ce58804a1a20f6dc5fbee7f0381b469e001,1,1,0,0
vercel/next.js,.github/workflows/retry_test.yml,retry-on-failure,action,actions/github-script,d746ffe35508b1917358783b479e04febd2b8f71,1,0,0,0
vercel/next.js,.github/workflows/retry_test.yml,report-failure,action,actions/github-script,d746ffe35508b1917358783b479e04febd2b8f71,1,0,0,0
vercel/next.js,.github/workflows/retry_test.yml,report-failure,action,slackapi/slack-github-action,6c661ce58804a1a20f6dc5fbee7f0381b469e001,1,1,0,0
vercel/next.js,.github/workflows/rspack-update-tests-manifest.yml,update_dev_manifest,action,actions/create-github-app-token,bcd2ba49218906704ab6c1aa796996da409d3eb1,1,0,0,0
vercel/next.js,.github/workflows/rspack-update-tests-manifest.yml,update_dev_manifest,action,actions/checkout,de0fac2e4500dabe0009e67214ff5f5447ce83dd,1,0,0,0
vercel/next.js,.github/workflows/rspack-update-tests-manifest.yml,update_dev_manifest,action,actions/setup-node,48b55a011bda9f5d6aeb4c2d9c7362e8dae4041e,1,0,0,0
vercel/next.js,.github/workflows/rspack-update-tests-manifest.yml,update_build_manifest,action,actions/create-github-app-token,bcd2ba49218906704ab6c1aa796996da409d3eb1,1,0,0,0
vercel/next.js,.github/workflows/rspack-update-tests-manifest.yml,update_build_manifest,action,actions/checkout,de0fac2e4500dabe0009e67214ff5f5447ce83dd,1,0,0,0
vercel/next.js,.github/workflows/rspack-update-tests-manifest.yml,update_build_manifest,action,actions/setup-node,48b55a011bda9f5d6aeb4c2d9c7362e8dae4041e,1,0,0,0
vercel/next.js,.github/workflows/sync_backport_canary_release.yml,evaluate,action,actions/github-script,d746ffe35508b1917358783b479e04febd2b8f71,1,0,0,0
vercel/next.js,.github/workflows/sync_backport_canary_release.yml,evaluate,action,actions/checkout,de0fac2e4500dabe0009e67214ff5f5447ce83dd,1,0,0,0
vercel/next.js,.github/workflows/sync_backport_canary_release.yml,evaluate,action,actions/setup-node,48b55a011bda9f5d6aeb4c2d9c7362e8dae4041e,1,0,0,0
vercel/next.js,.github/workflows/sync_backport_canary_release.yml,evaluate,action,actions/create-github-app-token,bcd2ba49218906704ab6c1aa796996da409d3eb1,1,0,0,0
vercel/next.js,.github/workflows/sync_backport_canary_release.yml,dispatch,action,actions/github-script,d746ffe35508b1917358783b479e04febd2b8f71,1,0,0,0
vercel/next.js,.github/workflows/test-turbopack-rust-bench-test.yml,test,action,actions/checkout,de0fac2e4500dabe0009e67214ff5f5447ce83dd,1,0,0,0
vercel/next.js,.github/workflows/test-turbopack-rust-bench-test.yml,test,action,actions/setup-node,48b55a011bda9f5d6aeb4c2d9c7362e8dae4041e,1,0,0,0
vercel/next.js,.github/workflows/test-turbopack-rust-bench-test.yml,test,action,vercel/setup-turborepo-remote-cache-action,135046f5efcadb17337d9b29b8d5b4035ae64b10,1,1,0,0
vercel/next.js,.github/workflows/test_e2e_deploy_release.yml,setup,action,actions/checkout,de0fac2e4500dabe0009e67214ff5f5447ce83dd,1,0,0,0
vercel/next.js,.github/workflows/test_e2e_deploy_release.yml,setup,action,actions/setup-node,48b55a011bda9f5d6aeb4c2d9c7362e8dae4041e,1,0,0,0
vercel/next.js,.github/workflows/test_e2e_deploy_release.yml,setup,action,actions/upload-artifact,043fb46d1a93c77aae656e7c1c64a875d1fc6a0a,1,0,0,0
vercel/next.js,.github/workflows/test_e2e_deploy_release.yml,report-test-results-to-datadog,action,actions/checkout,de0fac2e4500dabe0009e67214ff5f5447ce83dd,1,0,0,0
vercel/next.js,.github/workflows/test_e2e_deploy_release.yml,report-test-results-to-datadog,action,actions/download-artifact,3e5f45b2cfb9172054b4087a40e8e0b5a5461e7c,1,0,0,0
vercel/next.js,.github/workflows/test_e2e_deploy_release.yml,upload-adapter-test-results,action,actions/checkout,de0fac2e4500dabe0009e67214ff5f5447ce83dd,1,0,0,0
vercel/next.js,.github/workflows/test_e2e_deploy_release.yml,upload-adapter-test-results,action,actions/setup-node,48b55a011bda9f5d6aeb4c2d9c7362e8dae4041e,1,0,0,0
vercel/next.js,.github/workflows/test_e2e_deploy_release.yml,upload-adapter-test-results,action,actions/download-artifact,3e5f45b2cfb9172054b4087a40e8e0b5a5461e7c,1,0,0,0
vercel/next.js,.github/workflows/test_e2e_project_reset_cron.yml,reset-test-project,action,actions/checkout,de0fac2e4500dabe0009e67214ff5f5447ce83dd,1,0,0,0
vercel/next.js,.github/workflows/test_e2e_project_reset_cron.yml,reset-test-project,action,actions/setup-node,48b55a011bda9f5d6aeb4c2d9c7362e8dae4041e,1,0,0,0
vercel/next.js,.github/workflows/triage.yml,triage,action,balazsorban44/nissuer,92ef22afd6a75e5e588f5d689a1fd3433f596f82,1,1,0,0
vercel/next.js,.github/workflows/trigger_release.yml,start,action,actions/setup-node,48b55a011bda9f5d6aeb4c2d9c7362e8dae4041e,1,0,0,0
vercel/next.js,.github/workflows/trigger_release.yml,start,action,actions/create-github-app-token,bcd2ba49218906704ab6c1aa796996da409d3eb1,1,0,0,0
vercel/next.js,.github/workflows/trigger_release.yml,start,action,actions/cache,27d5ce7f107fe9357f9df03efb73ab90386fccae,1,0,0,0
vercel/next.js,.github/workflows/turbopack-benchmark.yml,benchmark-small-apps,action,actions/checkout,de0fac2e4500dabe0009e67214ff5f5447ce83dd,1,0,0,1
vercel/next.js,.github/workflows/turbopack-benchmark.yml,benchmark-small-apps,action,vercel/setup-turborepo-remote-cache-action,135046f5efcadb17337d9b29b8d5b4035ae64b10,1,1,0,1
vercel/next.js,.github/workflows/turbopack-benchmark.yml,benchmark-small-apps,action,CodSpeedHQ/action,1c8ae4843586d3ba879736b7f6b7b0c990757fab,1,1,0,1
vercel/next.js,.github/workflows/turbopack-benchmark.yml,benchmark-analyzer,action,actions/checkout,de0fac2e4500dabe0009e67214ff5f5447ce83dd,1,0,0,1
vercel/next.js,.github/workflows/turbopack-benchmark.yml,benchmark-analyzer,action,vercel/setup-turborepo-remote-cache-action,135046f5efcadb17337d9b29b8d5b4035ae64b10,1,1,0,1
vercel/next.js,.github/workflows/turbopack-benchmark.yml,benchmark-analyzer,action,CodSpeedHQ/action,1c8ae4843586d3ba879736b7f6b7b0c990757fab,1,1,0,1
vercel/next.js,.github/workflows/turbopack-benchmark.yml,benchmark-large,action,actions/checkout,de0fac2e4500dabe0009e67214ff5f5447ce83dd,1,0,0,1
vercel/next.js,.github/workflows/turbopack-benchmark.yml,benchmark-large,action,vercel/setup-turborepo-remote-cache-action,135046f5efcadb17337d9b29b8d5b4035ae64b10,1,1,0,1
vercel/next.js,.github/workflows/turbopack-benchmark.yml,benchmark-large,action,CodSpeedHQ/action,1c8ae4843586d3ba879736b7f6b7b0c990757fab,1,1,0,1
vercel/next.js,.github/workflows/update_fonts_data.yml,create-pull-request,action,actions/create-github-app-token,bcd2ba49218906704ab6c1aa796996da409d3eb1,1,0,0,0
vercel/next.js,.github/workflows/update_fonts_data.yml,create-pull-request,action,actions/checkout,de0fac2e4500dabe0009e67214ff5f5447ce83dd,1,0,0,0
vercel/next.js,.github/workflows/update_fonts_data.yml,create-pull-request,action,actions/setup-node,48b55a011bda9f5d6aeb4c2d9c7362e8dae4041e,1,0,0,0
vercel/next.js,.github/workflows/update_react.yml,create-pull-request,action,actions/create-github-app-token,bcd2ba49218906704ab6c1aa796996da409d3eb1,1,0,0,0
vercel/next.js,.github/workflows/update_react.yml,create-pull-request,action,actions/checkout,de0fac2e4500dabe0009e67214ff5f5447ce83dd,1,0,0,0
vercel/next.js,.github/workflows/update_react.yml,create-pull-request,action,actions/setup-node,48b55a011bda9f5d6aeb4c2d9c7362e8dae4041e,1,0,0,0
vercel/next.js,.github/workflows/update_react_poller.yml,poll,action,actions/cache,27d5ce7f107fe9357f9df03efb73ab90386fccae,1,0,0,0
vercel/next.js,.github/workflows/upload_preview_tarballs.yml,upload,action,actions/checkout,de0fac2e4500dabe0009e67214ff5f5447ce83dd,1,0,0,1
vercel/next.js,.github/workflows/upload_preview_tarballs.yml,upload,action,actions/download-artifact,3e5f45b2cfb9172054b4087a40e8e0b5a5461e7c,1,0,0,1
sindresorhus/awesome,.github/workflows/main.yml,lint,action,actions/checkout,v6,0,0,0,0
fastapi/fastapi,.github/workflows/add-to-project.yml,add-to-project,action,actions/add-to-project,5afcf98fcd03f1c2f92c3c83f58ae24323cc57fd,1,0,0,0
fastapi/fastapi,.github/workflows/build-docs.yml,changes,action,actions/checkout,3d3c42e5aac5ba805825da76410c181273ba90b1,1,0,0,0
fastapi/fastapi,.github/workflows/build-docs.yml,changes,action,dorny/paths-filter,ceb8a2b8f2d89434be7ff52d3de7ec3738c5cc9d,1,1,0,0
fastapi/fastapi,.github/workflows/build-docs.yml,langs,action,actions/checkout,3d3c42e5aac5ba805825da76410c181273ba90b1,1,0,0,0
fastapi/fastapi,.github/workflows/build-docs.yml,langs,action,actions/setup-python,5fda3b95a4ea91299a34e894583c3862153e4b97,1,0,0,0
fastapi/fastapi,.github/workflows/build-docs.yml,langs,action,astral-sh/setup-uv,c18668ad3cf93ea998bef934396af7bb5c839dc7,1,1,0,0
fastapi/fastapi,.github/workflows/build-docs.yml,build-docs,action,actions/checkout,3d3c42e5aac5ba805825da76410c181273ba90b1,1,0,0,0
fastapi/fastapi,.github/workflows/build-docs.yml,build-docs,action,actions/setup-python,5fda3b95a4ea91299a34e894583c3862153e4b97,1,0,0,0
fastapi/fastapi,.github/workflows/build-docs.yml,build-docs,action,astral-sh/setup-uv,c18668ad3cf93ea998bef934396af7bb5c839dc7,1,1,0,0
fastapi/fastapi,.github/workflows/build-docs.yml,build-docs,action,actions/upload-artifact,043fb46d1a93c77aae656e7c1c64a875d1fc6a0a,1,0,0,0
fastapi/fastapi,.github/workflows/build-docs.yml,docs-all-green,action,re-actors/alls-green,b5b5b37504aa4183270bd3d855c52a67f212be35,1,1,0,0
fastapi/fastapi,.github/workflows/bump-pre-commit-hooks.yml,bump-pre-commit-hooks,action,actions/checkout,3d3c42e5aac5ba805825da76410c181273ba90b1,1,0,0,1
fastapi/fastapi,.github/workflows/bump-pre-commit-hooks.yml,bump-pre-commit-hooks,action,actions/setup-python,5fda3b95a4ea91299a34e894583c3862153e4b97,1,0,0,1
fastapi/fastapi,.github/workflows/bump-pre-commit-hooks.yml,bump-pre-commit-hooks,action,astral-sh/setup-uv,c18668ad3cf93ea998bef934396af7bb5c839dc7,1,1,0,1
fastapi/fastapi,.github/workflows/bump-pre-commit-hooks.yml,bump-pre-commit-hooks,action,tiangolo/pr-submit,d802fdf59bde80bc3eb8bd3259f4cbeec63de4aa,1,1,0,1
fastapi/fastapi,.github/workflows/create-draft-release.yml,create-draft-release,action,actions/checkout,3d3c42e5aac5ba805825da76410c181273ba90b1,1,0,0,0
fastapi/fastapi,.github/workflows/create-draft-release.yml,create-draft-release,action,actions/setup-python,5fda3b95a4ea91299a34e894583c3862153e4b97,1,0,0,0
fastapi/fastapi,.github/workflows/create-draft-release.yml,create-draft-release,action,astral-sh/setup-uv,c18668ad3cf93ea998bef934396af7bb5c839dc7,1,1,0,0
fastapi/fastapi,.github/workflows/deploy-docs.yml,deploy-docs,action,actions/checkout,3d3c42e5aac5ba805825da76410c181273ba90b1,1,0,0,0
fastapi/fastapi,.github/workflows/deploy-docs.yml,deploy-docs,action,actions/setup-python,5fda3b95a4ea91299a34e894583c3862153e4b97,1,0,0,0
fastapi/fastapi,.github/workflows/deploy-docs.yml,deploy-docs,action,astral-sh/setup-uv,c18668ad3cf93ea998bef934396af7bb5c839dc7,1,1,0,0
fastapi/fastapi,.github/workflows/deploy-docs.yml,deploy-docs,action,actions/download-artifact,3e5f45b2cfb9172054b4087a40e8e0b5a5461e7c,1,0,0,0
fastapi/fastapi,.github/workflows/deploy-docs.yml,deploy-docs,action,cloudflare/wrangler-action,953926a2e2182532811c01a25e53647d93bf07c0,1,1,0,0
fastapi/fastapi,.github/workflows/detect-conflicts.yml,main,action,eps1lon/actions-label-merge-conflict,0273be72a0bbd58fcd71d0d6c02c209b50d1e5e1,1,1,0,0
fastapi/fastapi,.github/workflows/guard-dependencies.yml,check-author,action,actions/github-script,3a2844b7e9c422d3c10d287c895573f7108da1b3,1,0,0,0
fastapi/fastapi,.github/workflows/issue-manager.yml,issue-manager,action,tiangolo/issue-manager,dc846170c36eb62fb434b3d943b36399fe240fb5,1,1,0,0
fastapi/fastapi,.github/workflows/label-approved.yml,label-approved,action,actions/checkout,3d3c42e5aac5ba805825da76410c181273ba90b1,1,0,0,0
fastapi/fastapi,.github/workflows/label-approved.yml,label-approved,action,actions/setup-python,5fda3b95a4ea91299a34e894583c3862153e4b97,1,0,0,0
fastapi/fastapi,.github/workflows/label-approved.yml,label-approved,action,astral-sh/setup-uv,c18668ad3cf93ea998bef934396af7bb5c839dc7,1,1,0,0
fastapi/fastapi,.github/workflows/notify-translations.yml,job,action,actions/checkout,3d3c42e5aac5ba805825da76410c181273ba90b1,1,0,0,0
fastapi/fastapi,.github/workflows/notify-translations.yml,job,action,actions/setup-python,5fda3b95a4ea91299a34e894583c3862153e4b97,1,0,0,0
fastapi/fastapi,.github/workflows/notify-translations.yml,job,action,astral-sh/setup-uv,c18668ad3cf93ea998bef934396af7bb5c839dc7,1,1,0,0
fastapi/fastapi,.github/workflows/notify-translations.yml,job,action,mxschmitt/action-tmate,35b54afac29c97fb54faba5b513f8fbd1882f113,1,1,0,0
fastapi/fastapi,.github/workflows/pre-commit.yml,pre-commit,action,actions/checkout,3d3c42e5aac5ba805825da76410c181273ba90b1,1,0,0,1
fastapi/fastapi,.github/workflows/pre-commit.yml,pre-commit,action,actions/checkout,3d3c42e5aac5ba805825da76410c181273ba90b1,1,0,0,1
fastapi/fastapi,.github/workflows/pre-commit.yml,pre-commit,action,actions/setup-python,5fda3b95a4ea91299a34e894583c3862153e4b97,1,0,0,1
fastapi/fastapi,.github/workflows/pre-commit.yml,pre-commit,action,astral-sh/setup-uv,c18668ad3cf93ea998bef934396af7bb5c839dc7,1,1,0,1
fastapi/fastapi,.github/workflows/pre-commit.yml,pre-commit,action,tiangolo/pr-push,f336b3817f32ea9b8273a8c15f8ecb739ac38167,1,1,0,1
fastapi/fastapi,.github/workflows/pre-commit.yml,pre-commit,action,pre-commit-ci/lite-action,5d6cc0eb514c891a40562a58a8e71576c5c7fb43,1,1,0,1
fastapi/fastapi,.github/workflows/pre-commit.yml,pre-commit-alls-green,action,re-actors/alls-green,b5b5b37504aa4183270bd3d855c52a67f212be35,1,1,0,0
fastapi/fastapi,.github/workflows/prepare-release.yml,prepare-release,action,actions/checkout,3d3c42e5aac5ba805825da76410c181273ba90b1,1,0,0,1
fastapi/fastapi,.github/workflows/prepare-release.yml,prepare-release,action,actions/setup-python,5fda3b95a4ea91299a34e894583c3862153e4b97,1,0,0,1
fastapi/fastapi,.github/workflows/prepare-release.yml,prepare-release,action,astral-sh/setup-uv,c18668ad3cf93ea998bef934396af7bb5c839dc7,1,1,0,1
fastapi/fastapi,.github/workflows/prepare-release.yml,prepare-release,action,tiangolo/pr-submit,d802fdf59bde80bc3eb8bd3259f4cbeec63de4aa,1,1,0,1
fastapi/fastapi,.github/workflows/publish.yml,publish,action,actions/checkout,3d3c42e5aac5ba805825da76410c181273ba90b1,1,0,0,1
fastapi/fastapi,.github/workflows/publish.yml,publish,action,actions/setup-python,5fda3b95a4ea91299a34e894583c3862153e4b97,1,0,0,1
fastapi/fastapi,.github/workflows/publish.yml,publish,action,astral-sh/setup-uv,c18668ad3cf93ea998bef934396af7bb5c839dc7,1,1,0,1
fastapi/fastapi,.github/workflows/smokeshow.yml,smokeshow,action,actions/checkout,3d3c42e5aac5ba805825da76410c181273ba90b1,1,0,0,0
fastapi/fastapi,.github/workflows/smokeshow.yml,smokeshow,action,actions/setup-python,5fda3b95a4ea91299a34e894583c3862153e4b97,1,0,0,0
fastapi/fastapi,.github/workflows/smokeshow.yml,smokeshow,action,astral-sh/setup-uv,c18668ad3cf93ea998bef934396af7bb5c839dc7,1,1,0,0
fastapi/fastapi,.github/workflows/smokeshow.yml,smokeshow,action,actions/download-artifact,3e5f45b2cfb9172054b4087a40e8e0b5a5461e7c,1,0,0,0
fastapi/fastapi,.github/workflows/sponsors.yml,job,action,actions/checkout,3d3c42e5aac5ba805825da76410c181273ba90b1,1,0,0,1
fastapi/fastapi,.github/workflows/sponsors.yml,job,action,actions/setup-python,5fda3b95a4ea91299a34e894583c3862153e4b97,1,0,0,1
fastapi/fastapi,.github/workflows/sponsors.yml,job,action,astral-sh/setup-uv,c18668ad3cf93ea998bef934396af7bb5c839dc7,1,1,0,1
fastapi/fastapi,.github/workflows/sponsors.yml,job,action,mxschmitt/action-tmate,35b54afac29c97fb54faba5b513f8fbd1882f113,1,1,0,1
fastapi/fastapi,.github/workflows/sponsors.yml,job,action,tiangolo/pr-submit,d802fdf59bde80bc3eb8bd3259f4cbeec63de4aa,1,1,0,1
fastapi/fastapi,.github/workflows/test-redistribute.yml,test-redistribute,action,actions/checkout,3d3c42e5aac5ba805825da76410c181273ba90b1,1,0,0,0
fastapi/fastapi,.github/workflows/test-redistribute.yml,test-redistribute,action,actions/setup-python,5fda3b95a4ea91299a34e894583c3862153e4b97,1,0,0,0
fastapi/fastapi,.github/workflows/test-redistribute.yml,test-redistribute-alls-green,action,re-actors/alls-green,b5b5b37504aa4183270bd3d855c52a67f212be35,1,1,0,0
fastapi/fastapi,.github/workflows/test.yml,changes,action,actions/checkout,3d3c42e5aac5ba805825da76410c181273ba90b1,1,0,0,0
fastapi/fastapi,.github/workflows/test.yml,changes,action,dorny/paths-filter,ceb8a2b8f2d89434be7ff52d3de7ec3738c5cc9d,1,1,0,0
fastapi/fastapi,.github/workflows/test.yml,test,action,actions/checkout,3d3c42e5aac5ba805825da76410c181273ba90b1,1,0,0,0
fastapi/fastapi,.github/workflows/test.yml,test,action,actions/setup-python,5fda3b95a4ea91299a34e894583c3862153e4b97,1,0,0,0
fastapi/fastapi,.github/workflows/test.yml,test,action,astral-sh/setup-uv,c18668ad3cf93ea998bef934396af7bb5c839dc7,1,1,0,0
fastapi/fastapi,.github/workflows/test.yml,test,action,actions/upload-artifact,043fb46d1a93c77aae656e7c1c64a875d1fc6a0a,1,0,0,0
fastapi/fastapi,.github/workflows/test.yml,benchmark,action,actions/checkout,3d3c42e5aac5ba805825da76410c181273ba90b1,1,0,0,0
fastapi/fastapi,.github/workflows/test.yml,benchmark,action,actions/setup-python,5fda3b95a4ea91299a34e894583c3862153e4b97,1,0,0,0
fastapi/fastapi,.github/workflows/test.yml,benchmark,action,astral-sh/setup-uv,c18668ad3cf93ea998bef934396af7bb5c839dc7,1,1,0,0
fastapi/fastapi,.github/workflows/test.yml,benchmark,action,CodSpeedHQ/action,373d6868929f444bc08d901fd0eb0ad52a8875ea,1,1,0,0
fastapi/fastapi,.github/workflows/test.yml,benchmark,action,CodSpeedHQ/action,373d6868929f444bc08d901fd0eb0ad52a8875ea,1,1,0,0
fastapi/fastapi,.github/workflows/test.yml,regression-test,action,actions/checkout,3d3c42e5aac5ba805825da76410c181273ba90b1,1,0,0,0
fastapi/fastapi,.github/workflows/test.yml,regression-test,action,actions/checkout,3d3c42e5aac5ba805825da76410c181273ba90b1,1,0,0,0
fastapi/fastapi,.github/workflows/test.yml,regression-test,action,actions/setup-python,5fda3b95a4ea91299a34e894583c3862153e4b97,1,0,0,0
fastapi/fastapi,.github/workflows/test.yml,regression-test,action,astral-sh/setup-uv,c18668ad3cf93ea998bef934396af7bb5c839dc7,1,1,0,0
fastapi/fastapi,.github/workflows/test.yml,coverage-combine,action,actions/checkout,3d3c42e5aac5ba805825da76410c181273ba90b1,1,0,0,0
fastapi/fastapi,.github/workflows/test.yml,coverage-combine,action,actions/setup-python,5fda3b95a4ea91299a34e894583c3862153e4b97,1,0,0,0
fastapi/fastapi,.github/workflows/test.yml,coverage-combine,action,astral-sh/setup-uv,c18668ad3cf93ea998bef934396af7bb5c839dc7,1,1,0,0
fastapi/fastapi,.github/workflows/test.yml,coverage-combine,action,actions/download-artifact,3e5f45b2cfb9172054b4087a40e8e0b5a5461e7c,1,0,0,0
fastapi/fastapi,.github/workflows/test.yml,coverage-combine,action,actions/upload-artifact,043fb46d1a93c77aae656e7c1c64a875d1fc6a0a,1,0,0,0
fastapi/fastapi,.github/workflows/test.yml,test-alls-green,action,re-actors/alls-green,b5b5b37504aa4183270bd3d855c52a67f212be35,1,1,0,0
fastapi/fastapi,.github/workflows/topic-repos.yml,topic-repos,action,actions/checkout,3d3c42e5aac5ba805825da76410c181273ba90b1,1,0,0,1
fastapi/fastapi,.github/workflows/topic-repos.yml,topic-repos,action,actions/setup-python,5fda3b95a4ea91299a34e894583c3862153e4b97,1,0,0,1
fastapi/fastapi,.github/workflows/topic-repos.yml,topic-repos,action,astral-sh/setup-uv,c18668ad3cf93ea998bef934396af7bb5c839dc7,1,1,0,1
fastapi/fastapi,.github/workflows/topic-repos.yml,topic-repos,action,tiangolo/pr-submit,d802fdf59bde80bc3eb8bd3259f4cbeec63de4aa,1,1,0,1
fastapi/fastapi,.github/workflows/translate.yml,langs,action,actions/checkout,3d3c42e5aac5ba805825da76410c181273ba90b1,1,0,0,0
fastapi/fastapi,.github/workflows/translate.yml,langs,action,actions/setup-python,5fda3b95a4ea91299a34e894583c3862153e4b97,1,0,0,0
fastapi/fastapi,.github/workflows/translate.yml,langs,action,astral-sh/setup-uv,c18668ad3cf93ea998bef934396af7bb5c839dc7,1,1,0,0
fastapi/fastapi,.github/workflows/translate.yml,translate,action,actions/checkout,3d3c42e5aac5ba805825da76410c181273ba90b1,1,0,0,1
fastapi/fastapi,.github/workflows/translate.yml,translate,action,actions/setup-python,5fda3b95a4ea91299a34e894583c3862153e4b97,1,0,0,1
fastapi/fastapi,.github/workflows/translate.yml,translate,action,astral-sh/setup-uv,c18668ad3cf93ea998bef934396af7bb5c839dc7,1,1,0,1
fastapi/fastapi,.github/workflows/translate.yml,translate,action,mxschmitt/action-tmate,35b54afac29c97fb54faba5b513f8fbd1882f113,1,1,0,1
fastapi/fastapi,.github/workflows/translate.yml,translate,action,tiangolo/pr-submit,d802fdf59bde80bc3eb8bd3259f4cbeec63de4aa,1,1,0,1
fastapi/fastapi,.github/workflows/translate.yml,translate,action,tiangolo/pr-push,f336b3817f32ea9b8273a8c15f8ecb739ac38167,1,1,0,1
fastapi/fastapi,.github/workflows/zizmor.yml,zizmor,action,actions/checkout,3d3c42e5aac5ba805825da76410c181273ba90b1,1,0,0,0
fastapi/fastapi,.github/workflows/zizmor.yml,zizmor,action,zizmorcore/zizmor-action,cc914d7f3750a2d13d75c7f184a1060aa0e9d482,1,1,0,0
fastapi/typer,.github/workflows/add-to-project.yml,add-to-project,action,actions/add-to-project,5afcf98fcd03f1c2f92c3c83f58ae24323cc57fd,1,0,0,0
fastapi/typer,.github/workflows/build-docs.yml,changes,action,actions/checkout,3d3c42e5aac5ba805825da76410c181273ba90b1,1,0,0,0
fastapi/typer,.github/workflows/build-docs.yml,changes,action,dorny/paths-filter,ceb8a2b8f2d89434be7ff52d3de7ec3738c5cc9d,1,1,0,0
fastapi/typer,.github/workflows/build-docs.yml,build-docs,action,actions/checkout,3d3c42e5aac5ba805825da76410c181273ba90b1,1,0,0,0
fastapi/typer,.github/workflows/build-docs.yml,build-docs,action,actions/setup-python,5fda3b95a4ea91299a34e894583c3862153e4b97,1,0,0,0
fastapi/typer,.github/workflows/build-docs.yml,build-docs,action,astral-sh/setup-uv,20cfd1bf945f4377ade1205e4dbc17946fc9a30d,1,1,0,0
fastapi/typer,.github/workflows/build-docs.yml,build-docs,action,actions/upload-artifact,043fb46d1a93c77aae656e7c1c64a875d1fc6a0a,1,0,0,0
fastapi/typer,.github/workflows/build-docs.yml,docs-all-green,action,re-actors/alls-green,b5b5b37504aa4183270bd3d855c52a67f212be35,1,1,0,0
fastapi/typer,.github/workflows/bump-pre-commit-hooks.yml,bump-pre-commit-hooks,action,actions/checkout,3d3c42e5aac5ba805825da76410c181273ba90b1,1,0,0,1
fastapi/typer,.github/workflows/bump-pre-commit-hooks.yml,bump-pre-commit-hooks,action,actions/setup-python,5fda3b95a4ea91299a34e894583c3862153e4b97,1,0,0,1
fastapi/typer,.github/workflows/bump-pre-commit-hooks.yml,bump-pre-commit-hooks,action,astral-sh/setup-uv,20cfd1bf945f4377ade1205e4dbc17946fc9a30d,1,1,0,1
fastapi/typer,.github/workflows/bump-pre-commit-hooks.yml,bump-pre-commit-hooks,action,tiangolo/pr-submit,d802fdf59bde80bc3eb8bd3259f4cbeec63de4aa,1,1,0,1
fastapi/typer,.github/workflows/conflict.yml,main,action,eps1lon/actions-label-merge-conflict,0273be72a0bbd58fcd71d0d6c02c209b50d1e5e1,1,1,0,0
fastapi/typer,.github/workflows/create-draft-release.yml,create-draft-release,action,actions/checkout,3d3c42e5aac5ba805825da76410c181273ba90b1,1,0,0,0
fastapi/typer,.github/workflows/create-draft-release.yml,create-draft-release,action,actions/setup-python,5fda3b95a4ea91299a34e894583c3862153e4b97,1,0,0,0
fastapi/typer,.github/workflows/create-draft-release.yml,create-draft-release,action,astral-sh/setup-uv,20cfd1bf945f4377ade1205e4dbc17946fc9a30d,1,1,0,0
fastapi/typer,.github/workflows/deploy-docs.yml,deploy-docs,action,actions/checkout,3d3c42e5aac5ba805825da76410c181273ba90b1,1,0,0,0
fastapi/typer,.github/workflows/deploy-docs.yml,deploy-docs,action,actions/setup-python,5fda3b95a4ea91299a34e894583c3862153e4b97,1,0,0,0
fastapi/typer,.github/workflows/deploy-docs.yml,deploy-docs,action,astral-sh/setup-uv,20cfd1bf945f4377ade1205e4dbc17946fc9a30d,1,1,0,0
fastapi/typer,.github/workflows/deploy-docs.yml,deploy-docs,action,actions/download-artifact,3e5f45b2cfb9172054b4087a40e8e0b5a5461e7c,1,0,0,0
fastapi/typer,.github/workflows/deploy-docs.yml,deploy-docs,action,cloudflare/wrangler-action,ebbaa1584979971c8614a24965b4405ff95890e0,1,1,0,0
fastapi/typer,.github/workflows/guard-dependencies.yml,check-author,action,actions/github-script,3a2844b7e9c422d3c10d287c895573f7108da1b3,1,0,0,0
fastapi/typer,.github/workflows/issue-manager.yml,issue-manager,action,tiangolo/issue-manager,dc846170c36eb62fb434b3d943b36399fe240fb5,1,1,0,0
fastapi/typer,.github/workflows/pre-commit.yml,pre-commit,action,actions/checkout,3d3c42e5aac5ba805825da76410c181273ba90b1,1,0,0,1
fastapi/typer,.github/workflows/pre-commit.yml,pre-commit,action,actions/checkout,3d3c42e5aac5ba805825da76410c181273ba90b1,1,0,0,1
fastapi/typer,.github/workflows/pre-commit.yml,pre-commit,action,actions/setup-python,5fda3b95a4ea91299a34e894583c3862153e4b97,1,0,0,1
fastapi/typer,.github/workflows/pre-commit.yml,pre-commit,action,astral-sh/setup-uv,20cfd1bf945f4377ade1205e4dbc17946fc9a30d,1,1,0,1
fastapi/typer,.github/workflows/pre-commit.yml,pre-commit,action,tiangolo/pr-push,f336b3817f32ea9b8273a8c15f8ecb739ac38167,1,1,0,1
fastapi/typer,.github/workflows/pre-commit.yml,pre-commit,action,pre-commit-ci/lite-action,5d6cc0eb514c891a40562a58a8e71576c5c7fb43,1,1,0,1
fastapi/typer,.github/workflows/pre-commit.yml,pre-commit-alls-green,action,re-actors/alls-green,b5b5b37504aa4183270bd3d855c52a67f212be35,1,1,0,0
fastapi/typer,.github/workflows/prepare-release.yml,prepare-release,action,actions/checkout,3d3c42e5aac5ba805825da76410c181273ba90b1,1,0,0,1
fastapi/typer,.github/workflows/prepare-release.yml,prepare-release,action,actions/setup-python,5fda3b95a4ea91299a34e894583c3862153e4b97,1,0,0,1
fastapi/typer,.github/workflows/prepare-release.yml,prepare-release,action,astral-sh/setup-uv,20cfd1bf945f4377ade1205e4dbc17946fc9a30d,1,1,0,1
fastapi/typer,.github/workflows/prepare-release.yml,prepare-release,action,tiangolo/pr-submit,d802fdf59bde80bc3eb8bd3259f4cbeec63de4aa,1,1,0,1
fastapi/typer,.github/workflows/publish.yml,publish,action,actions/checkout,3d3c42e5aac5ba805825da76410c181273ba90b1,1,0,0,1
fastapi/typer,.github/workflows/publish.yml,publish,action,actions/setup-python,5fda3b95a4ea91299a34e894583c3862153e4b97,1,0,0,1
fastapi/typer,.github/workflows/publish.yml,publish,action,astral-sh/setup-uv,20cfd1bf945f4377ade1205e4dbc17946fc9a30d,1,1,0,1
fastapi/typer,.github/workflows/smokeshow.yml,smokeshow,action,actions/checkout,3d3c42e5aac5ba805825da76410c181273ba90b1,1,0,0,0
fastapi/typer,.github/workflows/smokeshow.yml,smokeshow,action,actions/setup-python,5fda3b95a4ea91299a34e894583c3862153e4b97,1,0,0,0
fastapi/typer,.github/workflows/smokeshow.yml,smokeshow,action,astral-sh/setup-uv,20cfd1bf945f4377ade1205e4dbc17946fc9a30d,1,1,0,0
fastapi/typer,.github/workflows/smokeshow.yml,smokeshow,action,actions/download-artifact,3e5f45b2cfb9172054b4087a40e8e0b5a5461e7c,1,0,0,0
fastapi/typer,.github/workflows/test-cpython-nightly.yml,test-latest-python,action,actions/checkout,3d3c42e5aac5ba805825da76410c181273ba90b1,1,0,0,0
fastapi/typer,.github/workflows/test-cpython-nightly.yml,test-latest-python,action,actions/checkout,3d3c42e5aac5ba805825da76410c181273ba90b1,1,0,0,0
fastapi/typer,.github/workflows/test-cpython-nightly.yml,test-latest-python,action,astral-sh/setup-uv,20cfd1bf945f4377ade1205e4dbc17946fc9a30d,1,1,0,0
fastapi/typer,.github/workflows/test-cpython-nightly.yml,test-latest-python,action,actions/upload-artifact,043fb46d1a93c77aae656e7c1c64a875d1fc6a0a,1,0,0,0
fastapi/typer,.github/workflows/test-redistribute.yml,test-redistribute,action,actions/checkout,3d3c42e5aac5ba805825da76410c181273ba90b1,1,0,0,0
fastapi/typer,.github/workflows/test-redistribute.yml,test-redistribute,action,actions/setup-python,5fda3b95a4ea91299a34e894583c3862153e4b97,1,0,0,0
fastapi/typer,.github/workflows/test-redistribute.yml,test-redistribute-alls-green,action,re-actors/alls-green,b5b5b37504aa4183270bd3d855c52a67f212be35,1,1,0,0
fastapi/typer,.github/workflows/test.yml,test,action,actions/checkout,3d3c42e5aac5ba805825da76410c181273ba90b1,1,0,0,0
fastapi/typer,.github/workflows/test.yml,test,action,actions/setup-python,5fda3b95a4ea91299a34e894583c3862153e4b97,1,0,0,0
fastapi/typer,.github/workflows/test.yml,test,action,astral-sh/setup-uv,20cfd1bf945f4377ade1205e4dbc17946fc9a30d,1,1,0,0
fastapi/typer,.github/workflows/test.yml,test,action,actions/upload-artifact,043fb46d1a93c77aae656e7c1c64a875d1fc6a0a,1,0,0,0
fastapi/typer,.github/workflows/test.yml,coverage-combine,action,actions/checkout,3d3c42e5aac5ba805825da76410c181273ba90b1,1,0,0,0
fastapi/typer,.github/workflows/test.yml,coverage-combine,action,actions/setup-python,5fda3b95a4ea91299a34e894583c3862153e4b97,1,0,0,0
fastapi/typer,.github/workflows/test.yml,coverage-combine,action,astral-sh/setup-uv,20cfd1bf945f4377ade1205e4dbc17946fc9a30d,1,1,0,0
fastapi/typer,.github/workflows/test.yml,coverage-combine,action,actions/download-artifact,3e5f45b2cfb9172054b4087a40e8e0b5a5461e7c,1,0,0,0
fastapi/typer,.github/workflows/test.yml,coverage-combine,action,actions/upload-artifact,043fb46d1a93c77aae656e7c1c64a875d1fc6a0a,1,0,0,0
fastapi/typer,.github/workflows/test.yml,check,action,re-actors/alls-green,b5b5b37504aa4183270bd3d855c52a67f212be35,1,1,0,0
fastapi/typer,.github/workflows/zizmor.yml,zizmor,action,actions/checkout,3d3c42e5aac5ba805825da76410c181273ba90b1,1,0,0,0
fastapi/typer,.github/workflows/zizmor.yml,zizmor,action,zizmorcore/zizmor-action,3dc1ecc9bcb9e94e9b2c709687979e1298497054,1,1,0,0
EbookFoundation/free-programming-books,.github/workflows/check-urls.yml,get-changed-files,action,actions/checkout,v7,0,0,0,0
EbookFoundation/free-programming-books,.github/workflows/check-urls.yml,get-changed-files,action,tj-actions/changed-files,v46,0,1,0,0
EbookFoundation/free-programming-books,.github/workflows/check-urls.yml,check-urls,action,actions/checkout,v7,0,0,0,0
EbookFoundation/free-programming-books,.github/workflows/check-urls.yml,check-urls,action,ruby/setup-ruby,v1,0,1,0,0
EbookFoundation/free-programming-books,.github/workflows/check-urls.yml,check-urls,action,actions/upload-artifact,v7,0,0,0,0
EbookFoundation/free-programming-books,.github/workflows/check-urls.yml,reporter,action,actions/checkout,v7,0,0,0,0
EbookFoundation/free-programming-books,.github/workflows/check-urls.yml,reporter,action,actions/download-artifact,v8,0,0,0,0
EbookFoundation/free-programming-books,.github/workflows/comment-pr.yml,upload,action,actions/github-script,v9,0,0,0,0
EbookFoundation/free-programming-books,.github/workflows/detect-conflicting-prs.yml,detect-prs,action,eps1lon/actions-label-merge-conflict,v3.1.0,0,1,0,0
EbookFoundation/free-programming-books,.github/workflows/fpb-lint.yml,build,action,actions/checkout,v7,0,0,0,0
EbookFoundation/free-programming-books,.github/workflows/fpb-lint.yml,build,action,actions/setup-node,v6,0,0,0,0
EbookFoundation/free-programming-books,.github/workflows/fpb-lint.yml,build,action,actions/upload-artifact,v7,0,0,0,0
EbookFoundation/free-programming-books,.github/workflows/issues-pinner.yml,labeler,action,actions-ecosystem/action-add-labels,v1,0,1,0,0
EbookFoundation/free-programming-books,.github/workflows/issues-pinner.yml,labeler,action,actions-ecosystem/action-remove-labels,v1,0,1,0,0
EbookFoundation/free-programming-books,.github/workflows/rtl-ltr-linter.yml,lint,action,actions/checkout,v7,0,0,0,0
EbookFoundation/free-programming-books,.github/workflows/rtl-ltr-linter.yml,lint,action,actions/setup-python,v6,0,0,0,0
EbookFoundation/free-programming-books,.github/workflows/rtl-ltr-linter.yml,lint,action,tj-actions/changed-files,v46,0,1,0,0
EbookFoundation/free-programming-books,.github/workflows/rtl-ltr-linter.yml,lint,action,actions/upload-artifact,v7,0,0,0,0
EbookFoundation/free-programming-books,.github/workflows/stale.yml,stale,action,actions/stale,v10,0,0,0,0
hashicorp/terraform-provider-aws,.github/workflows/acctest-terraform-embedded-lint.yml,terrafmt,action,actions/checkout,3d3c42e5aac5ba805825da76410c181273ba90b1,1,0,0,0
hashicorp/terraform-provider-aws,.github/workflows/acctest-terraform-embedded-lint.yml,tflint,action,actions/checkout,3d3c42e5aac5ba805825da76410c181273ba90b1,1,0,0,0
hashicorp/terraform-provider-aws,.github/workflows/acctest-terraform-embedded-lint.yml,tflint,action,actions/cache,55cc8345863c7cc4c66a329aec7e433d2d1c52a9,1,0,0,0
hashicorp/terraform-provider-aws,.github/workflows/acctest-terraform-lint.yml,terrafmt,action,actions/checkout,3d3c42e5aac5ba805825da76410c181273ba90b1,1,0,0,0
hashicorp/terraform-provider-aws,.github/workflows/acctest-terraform-lint.yml,terrafmt,action,hashicorp/setup-terraform,dfe3c3f87815947d99a8997f908cb6525fc44e9e,1,1,0,0
hashicorp/terraform-provider-aws,.github/workflows/acctest-terraform-lint.yml,tflint,action,actions/checkout,3d3c42e5aac5ba805825da76410c181273ba90b1,1,0,0,0
hashicorp/terraform-provider-aws,.github/workflows/acctest-terraform-lint.yml,tflint,action,actions/cache,55cc8345863c7cc4c66a329aec7e433d2d1c52a9,1,0,0,0
hashicorp/terraform-provider-aws,.github/workflows/build.yml,get-go-version,action,actions/checkout,3d3c42e5aac5ba805825da76410c181273ba90b1,1,0,0,0
hashicorp/terraform-provider-aws,.github/workflows/build.yml,get-go-version,action,actions/setup-go,b7ad1dad31e06c5925ef5d2fc7ad053ef454303e,1,0,0,0
hashicorp/terraform-provider-aws,.github/workflows/build.yml,set-product-version,action,hashicorp/actions-set-product-version,v2,0,1,0,0
hashicorp/terraform-provider-aws,.github/workflows/build.yml,generate-metadata-file,action,actions/checkout,3d3c42e5aac5ba805825da76410c181273ba90b1,1,0,0,0
hashicorp/terraform-provider-aws,.github/workflows/build.yml,generate-metadata-file,action,hashicorp/actions-generate-metadata,v1,0,1,0,0
hashicorp/terraform-provider-aws,.github/workflows/build.yml,generate-metadata-file,action,actions/upload-artifact,043fb46d1a93c77aae656e7c1c64a875d1fc6a0a,1,0,0,0
hashicorp/terraform-provider-aws,.github/workflows/build.yml,upload-terraform-registry-manifest-artifact,action,actions/checkout,3d3c42e5aac5ba805825da76410c181273ba90b1,1,0,0,0
hashicorp/terraform-provider-aws,.github/workflows/build.yml,upload-terraform-registry-manifest-artifact,action,actions/upload-artifact,043fb46d1a93c77aae656e7c1c64a875d1fc6a0a,1,0,0,0
hashicorp/terraform-provider-aws,.github/workflows/build.yml,build,action,actions/checkout,3d3c42e5aac5ba805825da76410c181273ba90b1,1,0,0,0
hashicorp/terraform-provider-aws,.github/workflows/build.yml,build,action,hashicorp/actions-go-build,v1,0,1,0,0
hashicorp/terraform-provider-aws,.github/workflows/changelog_misspell.yml,misspell,action,actions/checkout,3d3c42e5aac5ba805825da76410c181273ba90b1,1,0,0,0
hashicorp/terraform-provider-aws,.github/workflows/closed_items.yml,process,action,actions/checkout,3d3c42e5aac5ba805825da76410c181273ba90b1,1,0,0,0
hashicorp/terraform-provider-aws,.github/workflows/comments.yml,comment,action,actions/checkout,3d3c42e5aac5ba805825da76410c181273ba90b1,1,0,0,0
hashicorp/terraform-provider-aws,.github/workflows/comments.yml,comment,action,slackapi/slack-github-action,dcb1066f776dd043e64d0e8ba94ca15cc7e1875d,1,1,0,0
hashicorp/terraform-provider-aws,.github/workflows/copyright.yml,copyplop,action,actions/checkout,3d3c42e5aac5ba805825da76410c181273ba90b1,1,0,0,0
hashicorp/terraform-provider-aws,.github/workflows/copyright.yml,copyplop,action,actions/setup-go,b7ad1dad31e06c5925ef5d2fc7ad053ef454303e,1,0,0,0
hashicorp/terraform-provider-aws,.github/workflows/crt-post-promote-production.yml,notify-failure,action,slackapi/slack-github-action,dcb1066f776dd043e64d0e8ba94ca15cc7e1875d,1,1,0,0
hashicorp/terraform-provider-aws,.github/workflows/dependencies.yml,checks,action,actions/checkout,3d3c42e5aac5ba805825da76410c181273ba90b1,1,0,0,0
hashicorp/terraform-provider-aws,.github/workflows/dependencies.yml,checks,action,actions/setup-go,b7ad1dad31e06c5925ef5d2fc7ad053ef454303e,1,0,0,0
hashicorp/terraform-provider-aws,.github/workflows/dependencies.yml,checks,action,actions/cache/restore,55cc8345863c7cc4c66a329aec7e433d2d1c52a9,1,0,0,0
hashicorp/terraform-provider-aws,.github/workflows/dependencies.yml,checks,action,actions/cache,55cc8345863c7cc4c66a329aec7e433d2d1c52a9,1,0,0,0
hashicorp/terraform-provider-aws,.github/workflows/documentation.yml,markdown-link-check,action,actions/checkout,3d3c42e5aac5ba805825da76410c181273ba90b1,1,0,0,0
hashicorp/terraform-provider-aws,.github/workflows/documentation.yml,markdown-link-check,action,YakDriver/md-check-links,0a295ce2e08c544aae01cccc9b4c6801a8398942,1,1,0,0
hashicorp/terraform-provider-aws,.github/workflows/documentation.yml,markdown-lint,action,actions/checkout,3d3c42e5aac5ba805825da76410c181273ba90b1,1,0,0,0
hashicorp/terraform-provider-aws,.github/workflows/documentation.yml,markdown-lint,action,avto-dev/markdown-lint,04d43ee9191307b50935a753da3b775ab695eceb,1,1,0,0
hashicorp/terraform-provider-aws,.github/workflows/documentation.yml,misspell,action,actions/checkout,3d3c42e5aac5ba805825da76410c181273ba90b1,1,0,0,0
hashicorp/terraform-provider-aws,.github/workflows/examples.yml,tflint,action,actions/checkout,3d3c42e5aac5ba805825da76410c181273ba90b1,1,0,0,0
hashicorp/terraform-provider-aws,.github/workflows/examples.yml,tflint,action,actions/cache,55cc8345863c7cc4c66a329aec7e433d2d1c52a9,1,0,0,0
hashicorp/terraform-provider-aws,.github/workflows/examples.yml,validate-terraform,action,actions/checkout,3d3c42e5aac5ba805825da76410c181273ba90b1,1,0,0,0
hashicorp/terraform-provider-aws,.github/workflows/examples.yml,validate-terraform,action,actions/cache,55cc8345863c7cc4c66a329aec7e433d2d1c52a9,1,0,0,0
hashicorp/terraform-provider-aws,.github/workflows/examples.yml,validate-terraform,action,actions/setup-go,b7ad1dad31e06c5925ef5d2fc7ad053ef454303e,1,0,0,0
hashicorp/terraform-provider-aws,.github/workflows/examples.yml,validate-terraform,action,hashicorp/setup-terraform,dfe3c3f87815947d99a8997f908cb6525fc44e9e,1,1,0,0
hashicorp/terraform-provider-aws,.github/workflows/firewatch.yml,FirewatchJob,action,breathingdust/firewatch,57f8dc8ee08fa407de395e64452f3d005b3a9c28,1,1,0,0
hashicorp/terraform-provider-aws,.github/workflows/firewatch.yml,FirewatchJob,action,actions/upload-artifact,043fb46d1a93c77aae656e7c1c64a875d1fc6a0a,1,0,0,0
hashicorp/terraform-provider-aws,.github/workflows/gen-teamcity.yml,validate-teamcity-config,action,actions/checkout,3d3c42e5aac5ba805825da76410c181273ba90b1,1,0,0,0
hashicorp/terraform-provider-aws,.github/workflows/gen-teamcity.yml,validate-teamcity-config,action,actions/setup-java,de7274f081f381c8f8158605e0321c36c376e2e6,1,0,0,0
hashicorp/terraform-provider-aws,.github/workflows/generate_changelog.yml,GenerateChangelog,action,actions/create-github-app-token,bcd2ba49218906704ab6c1aa796996da409d3eb1,1,0,0,0
hashicorp/terraform-provider-aws,.github/workflows/generate_changelog.yml,GenerateChangelog,action,actions/checkout,3d3c42e5aac5ba805825da76410c181273ba90b1,1,0,0,0
hashicorp/terraform-provider-aws,.github/workflows/golangci-lint.yml,golangci-linta,action,actions/checkout,3d3c42e5aac5ba805825da76410c181273ba90b1,1,0,0,0
hashicorp/terraform-provider-aws,.github/workflows/golangci-lint.yml,golangci-linta,action,actions/setup-go,b7ad1dad31e06c5925ef5d2fc7ad053ef454303e,1,0,0,0
hashicorp/terraform-provider-aws,.github/workflows/golangci-lint.yml,golangci-linta,action,golangci/golangci-lint-action,ba0d7d2ec06a0ea1cb5fa41b2e4a3ab91d21278a,1,1,0,0
hashicorp/terraform-provider-aws,.github/workflows/golangci-lint.yml,golangci-lintb,action,actions/checkout,3d3c42e5aac5ba805825da76410c181273ba90b1,1,0,0,0
hashicorp/terraform-provider-aws,.github/workflows/golangci-lint.yml,golangci-lintb,action,actions/setup-go,b7ad1dad31e06c5925ef5d2fc7ad053ef454303e,1,0,0,0
hashicorp/terraform-provider-aws,.github/workflows/golangci-lint.yml,golangci-lintb,action,golangci/golangci-lint-action,ba0d7d2ec06a0ea1cb5fa41b2e4a3ab91d21278a,1,1,0,0
hashicorp/terraform-provider-aws,.github/workflows/golangci-lint.yml,golangci-lintc,action,actions/checkout,3d3c42e5aac5ba805825da76410c181273ba90b1,1,0,0,0
hashicorp/terraform-provider-aws,.github/workflows/golangci-lint.yml,golangci-lintc,action,actions/setup-go,b7ad1dad31e06c5925ef5d2fc7ad053ef454303e,1,0,0,0
hashicorp/terraform-provider-aws,.github/workflows/golangci-lint.yml,golangci-lintc,action,golangci/golangci-lint-action,ba0d7d2ec06a0ea1cb5fa41b2e4a3ab91d21278a,1,1,0,0
hashicorp/terraform-provider-aws,.github/workflows/golangci-lint.yml,golangci-lintd,action,actions/checkout,3d3c42e5aac5ba805825da76410c181273ba90b1,1,0,0,0
hashicorp/terraform-provider-aws,.github/workflows/golangci-lint.yml,golangci-lintd,action,actions/setup-go,b7ad1dad31e06c5925ef5d2fc7ad053ef454303e,1,0,0,0
hashicorp/terraform-provider-aws,.github/workflows/golangci-lint.yml,golangci-lintd,action,golangci/golangci-lint-action,ba0d7d2ec06a0ea1cb5fa41b2e4a3ab91d21278a,1,1,0,0
hashicorp/terraform-provider-aws,.github/workflows/golangci-lint.yml,golangci-linte,action,actions/checkout,3d3c42e5aac5ba805825da76410c181273ba90b1,1,0,0,0
hashicorp/terraform-provider-aws,.github/workflows/golangci-lint.yml,golangci-linte,action,actions/setup-go,b7ad1dad31e06c5925ef5d2fc7ad053ef454303e,1,0,0,0
hashicorp/terraform-provider-aws,.github/workflows/golangci-lint.yml,golangci-linte,action,golangci/golangci-lint-action,ba0d7d2ec06a0ea1cb5fa41b2e4a3ab91d21278a,1,1,0,0
hashicorp/terraform-provider-aws,.github/workflows/lock.yml,lock,action,dessant/lock-threads,89ae32b08ed1a541efecbab17912962a5e38981c,1,1,0,0
hashicorp/terraform-provider-aws,.github/workflows/maintainer_helpers.yml,workboard,action,actions/create-github-app-token,bcd2ba49218906704ab6c1aa796996da409d3eb1,1,0,0,0
hashicorp/terraform-provider-aws,.github/workflows/maintainer_helpers.yml,workboard,action,actions/checkout,3d3c42e5aac5ba805825da76410c181273ba90b1,1,0,0,0
hashicorp/terraform-provider-aws,.github/workflows/maintainer_helpers.yml,slack,action,actions/checkout,3d3c42e5aac5ba805825da76410c181273ba90b1,1,0,0,0
hashicorp/terraform-provider-aws,.github/workflows/maintainer_helpers.yml,slack,action,slackapi/slack-github-action,dcb1066f776dd043e64d0e8ba94ca15cc7e1875d,1,1,0,0
hashicorp/terraform-provider-aws,.github/workflows/maintainer_helpers.yml,slack,action,slackapi/slack-github-action,dcb1066f776dd043e64d0e8ba94ca15cc7e1875d,1,1,0,0
hashicorp/terraform-provider-aws,.github/workflows/maintainer_helpers.yml,slack,action,slackapi/slack-github-action,dcb1066f776dd043e64d0e8ba94ca15cc7e1875d,1,1,0,0
hashicorp/terraform-provider-aws,.github/workflows/maintainer_helpers.yml,slack,action,slackapi/slack-github-action,dcb1066f776dd043e64d0e8ba94ca15cc7e1875d,1,1,0,0
hashicorp/terraform-provider-aws,.github/workflows/maintainer_helpers.yml,slack,action,actions/create-github-app-token,bcd2ba49218906704ab6c1aa796996da409d3eb1,1,0,0,0
hashicorp/terraform-provider-aws,.github/workflows/maintainer_helpers.yml,slack,action,breathingdust/github-team-slackbot,86aab12fa9d04755f51c543c9211acf6caa7005a,1,1,0,0
hashicorp/terraform-provider-aws,.github/workflows/maintainer_helpers.yml,slack,action,slackapi/slack-github-action,dcb1066f776dd043e64d0e8ba94ca15cc7e1875d,1,1,0,0
hashicorp/terraform-provider-aws,.github/workflows/makefile-lint.yml,makefile-lint,action,actions/checkout,3d3c42e5aac5ba805825da76410c181273ba90b1,1,0,0,0
hashicorp/terraform-provider-aws,.github/workflows/makefile-lint.yml,makefile-lint,action,actions/setup-go,b7ad1dad31e06c5925ef5d2fc7ad053ef454303e,1,0,0,0
hashicorp/terraform-provider-aws,.github/workflows/milestone.yml,Comment,action,bflad/action-milestone-comment,4618cbf8bf938d31af1c576beeaaa77f486f5af3,1,1,0,0
hashicorp/terraform-provider-aws,.github/workflows/milestone.yml,archive_and_unlabel,action,actions/checkout,3d3c42e5aac5ba805825da76410c181273ba90b1,1,0,0,0
hashicorp/terraform-provider-aws,.github/workflows/mkdocs.yml,build,action,actions/checkout,3d3c42e5aac5ba805825da76410c181273ba90b1,1,0,0,0
hashicorp/terraform-provider-aws,.github/workflows/mkdocs.yml,build,action,mhausenblas/mkdocs-deploy-gh-pages,d77dd03172e96abbcdb081d8c948224762033653,1,1,0,0
hashicorp/terraform-provider-aws,.github/workflows/modern_go.yml,modern,action,actions/checkout,3d3c42e5aac5ba805825da76410c181273ba90b1,1,0,0,0
hashicorp/terraform-provider-aws,.github/workflows/modern_go.yml,modern,action,actions/setup-go,b7ad1dad31e06c5925ef5d2fc7ad053ef454303e,1,0,0,0
hashicorp/terraform-provider-aws,.github/workflows/modern_go.yml,modern,action,actions/cache/restore,55cc8345863c7cc4c66a329aec7e433d2d1c52a9,1,0,0,0
hashicorp/terraform-provider-aws,.github/workflows/modern_go.yml,modern,action,actions/cache,55cc8345863c7cc4c66a329aec7e433d2d1c52a9,1,0,0,0
hashicorp/terraform-provider-aws,.github/workflows/naming.yml,test_naming,action,actions/checkout,3d3c42e5aac5ba805825da76410c181273ba90b1,1,0,0,0
hashicorp/terraform-provider-aws,.github/workflows/post-publish.yml,tidy-jira,action,breathingdust/github-jira-tidy,25fc54d07fdd98ec9ad14c962fc2dfdc524c48f0,1,1,0,0
hashicorp/terraform-provider-aws,.github/workflows/pr-test-trigger.yml,trigger,action,actions/checkout,3d3c42e5aac5ba805825da76410c181273ba90b1,1,0,0,0
hashicorp/terraform-provider-aws,.github/workflows/pr-test-trigger.yml,trigger,action,actions/checkout,3d3c42e5aac5ba805825da76410c181273ba90b1,1,0,0,0
hashicorp/terraform-provider-aws,.github/workflows/provider-release.yml,release,action,hashicorp/action-setup-bob,v2,0,1,0,0
hashicorp/terraform-provider-aws,.github/workflows/provider.yml,go_mod_download,action,actions/checkout,3d3c42e5aac5ba805825da76410c181273ba90b1,1,0,0,0
hashicorp/terraform-provider-aws,.github/workflows/provider.yml,go_mod_download,action,actions/setup-go,b7ad1dad31e06c5925ef5d2fc7ad053ef454303e,1,0,0,0
hashicorp/terraform-provider-aws,.github/workflows/provider.yml,go_mod_download,action,actions/cache,55cc8345863c7cc4c66a329aec7e433d2d1c52a9,1,0,0,0
hashicorp/terraform-provider-aws,.github/workflows/provider.yml,tools_cache,action,actions/checkout,3d3c42e5aac5ba805825da76410c181273ba90b1,1,0,0,0
hashicorp/terraform-provider-aws,.github/workflows/provider.yml,tools_cache,action,actions/setup-go,b7ad1dad31e06c5925ef5d2fc7ad053ef454303e,1,0,0,0
hashicorp/terraform-provider-aws,.github/workflows/provider.yml,tools_cache,action,actions/cache/restore,55cc8345863c7cc4c66a329aec7e433d2d1c52a9,1,0,0,0
hashicorp/terraform-provider-aws,.github/workflows/provider.yml,tools_cache,action,actions/cache/save,55cc8345863c7cc4c66a329aec7e433d2d1c52a9,1,0,0,0
hashicorp/terraform-provider-aws,.github/workflows/provider.yml,go_build,action,actions/checkout,3d3c42e5aac5ba805825da76410c181273ba90b1,1,0,0,0
hashicorp/terraform-provider-aws,.github/workflows/provider.yml,go_build,action,actions/setup-go,b7ad1dad31e06c5925ef5d2fc7ad053ef454303e,1,0,0,0
hashicorp/terraform-provider-aws,.github/workflows/provider.yml,go_build,action,actions/cache/restore,55cc8345863c7cc4c66a329aec7e433d2d1c52a9,1,0,0,0
hashicorp/terraform-provider-aws,.github/workflows/provider.yml,go_build,action,actions/cache,55cc8345863c7cc4c66a329aec7e433d2d1c52a9,1,0,0,0
hashicorp/terraform-provider-aws,.github/workflows/provider.yml,go_build,action,actions/cache/save,55cc8345863c7cc4c66a329aec7e433d2d1c52a9,1,0,0,0
hashicorp/terraform-provider-aws,.github/workflows/provider.yml,go_generate,action,actions/checkout,3d3c42e5aac5ba805825da76410c181273ba90b1,1,0,0,0
hashicorp/terraform-provider-aws,.github/workflows/provider.yml,go_generate,action,actions/setup-go,b7ad1dad31e06c5925ef5d2fc7ad053ef454303e,1,0,0,0
hashicorp/terraform-provider-aws,.github/workflows/provider.yml,go_generate,action,actions/cache/restore,55cc8345863c7cc4c66a329aec7e433d2d1c52a9,1,0,0,0
hashicorp/terraform-provider-aws,.github/workflows/provider.yml,go_generate,action,actions/cache,55cc8345863c7cc4c66a329aec7e433d2d1c52a9,1,0,0,0
hashicorp/terraform-provider-aws,.github/workflows/provider.yml,terraform_fmt,action,actions/checkout,3d3c42e5aac5ba805825da76410c181273ba90b1,1,0,0,0
hashicorp/terraform-provider-aws,.github/workflows/provider.yml,terraform_fmt,action,hashicorp/setup-terraform,dfe3c3f87815947d99a8997f908cb6525fc44e9e,1,1,0,0
hashicorp/terraform-provider-aws,.github/workflows/provider.yml,go_test,action,actions/checkout,3d3c42e5aac5ba805825da76410c181273ba90b1,1,0,0,0
hashicorp/terraform-provider-aws,.github/workflows/provider.yml,go_test,action,actions/setup-go,b7ad1dad31e06c5925ef5d2fc7ad053ef454303e,1,0,0,0
hashicorp/terraform-provider-aws,.github/workflows/provider.yml,go_test,action,actions/cache/restore,55cc8345863c7cc4c66a329aec7e433d2d1c52a9,1,0,0,0
hashicorp/terraform-provider-aws,.github/workflows/provider.yml,go_test,action,actions/cache,55cc8345863c7cc4c66a329aec7e433d2d1c52a9,1,0,0,0
hashicorp/terraform-provider-aws,.github/workflows/provider.yml,go_test,action,actions/cache/save,55cc8345863c7cc4c66a329aec7e433d2d1c52a9,1,0,0,0
hashicorp/terraform-provider-aws,.github/workflows/provider.yml,import-lint,action,actions/checkout,3d3c42e5aac5ba805825da76410c181273ba90b1,1,0,0,0
hashicorp/terraform-provider-aws,.github/workflows/provider.yml,import-lint,action,actions/setup-go,b7ad1dad31e06c5925ef5d2fc7ad053ef454303e,1,0,0,0
hashicorp/terraform-provider-aws,.github/workflows/provider.yml,import-lint,action,actions/cache/restore,55cc8345863c7cc4c66a329aec7e433d2d1c52a9,1,0,0,0
hashicorp/terraform-provider-aws,.github/workflows/provider.yml,import-lint,action,actions/cache,55cc8345863c7cc4c66a329aec7e433d2d1c52a9,1,0,0,0
hashicorp/terraform-provider-aws,.github/workflows/provider.yml,validate_sweepers_unlinked,action,actions/checkout,3d3c42e5aac5ba805825da76410c181273ba90b1,1,0,0,0
hashicorp/terraform-provider-aws,.github/workflows/provider.yml,validate_sweepers_unlinked,action,actions/setup-go,b7ad1dad31e06c5925ef5d2fc7ad053ef454303e,1,0,0,0
hashicorp/terraform-provider-aws,.github/workflows/provider.yml,validate_sweepers_unlinked,action,actions/cache/restore,55cc8345863c7cc4c66a329aec7e433d2d1c52a9,1,0,0,0
hashicorp/terraform-provider-aws,.github/workflows/provider.yml,validate_sweepers_unlinked,action,actions/cache,55cc8345863c7cc4c66a329aec7e433d2d1c52a9,1,0,0,0
hashicorp/terraform-provider-aws,.github/workflows/provider.yml,validate_sweepers_unlinked,action,actions/cache,55cc8345863c7cc4c66a329aec7e433d2d1c52a9,1,0,0,0
hashicorp/terraform-provider-aws,.github/workflows/provider.yml,cache-info,action,actions/checkout,3d3c42e5aac5ba805825da76410c181273ba90b1,1,0,0,0
hashicorp/terraform-provider-aws,.github/workflows/provider.yml,cache-info,action,actions/setup-go,b7ad1dad31e06c5925ef5d2fc7ad053ef454303e,1,0,0,0
hashicorp/terraform-provider-aws,.github/workflows/provider.yml,cache-info,action,actions/cache/restore,55cc8345863c7cc4c66a329aec7e433d2d1c52a9,1,0,0,0
hashicorp/terraform-provider-aws,.github/workflows/provider.yml,markdown-lint,action,actions/checkout,3d3c42e5aac5ba805825da76410c181273ba90b1,1,0,0,0
hashicorp/terraform-provider-aws,.github/workflows/provider.yml,markdown-lint,action,avto-dev/markdown-lint,04d43ee9191307b50935a753da3b775ab695eceb,1,1,0,0
hashicorp/terraform-provider-aws,.github/workflows/provider.yml,misspell,action,actions/checkout,3d3c42e5aac5ba805825da76410c181273ba90b1,1,0,0,0
hashicorp/terraform-provider-aws,.github/workflows/provider.yml,misspell,action,actions/setup-go,b7ad1dad31e06c5925ef5d2fc7ad053ef454303e,1,0,0,0
hashicorp/terraform-provider-aws,.github/workflows/provider.yml,misspell,action,actions/cache,55cc8345863c7cc4c66a329aec7e433d2d1c52a9,1,0,0,0
hashicorp/terraform-provider-aws,.github/workflows/providerlint.yml,providerlint,action,actions/checkout,3d3c42e5aac5ba805825da76410c181273ba90b1,1,0,0,0
hashicorp/terraform-provider-aws,.github/workflows/providerlint.yml,providerlint,action,actions/setup-go,b7ad1dad31e06c5925ef5d2fc7ad053ef454303e,1,0,0,0
hashicorp/terraform-provider-aws,.github/workflows/providerlint.yml,providerlint,action,actions/cache/restore,55cc8345863c7cc4c66a329aec7e433d2d1c52a9,1,0,0,0
hashicorp/terraform-provider-aws,.github/workflows/providerlint.yml,providerlint,action,actions/cache,55cc8345863c7cc4c66a329aec7e433d2d1c52a9,1,0,0,0
hashicorp/terraform-provider-aws,.github/workflows/pull_request_review.yml,approved,action,actions/checkout,3d3c42e5aac5ba805825da76410c181273ba90b1,1,0,0,0
hashicorp/terraform-provider-aws,.github/workflows/pull_request_review.yml,approved,action,slackapi/slack-github-action,dcb1066f776dd043e64d0e8ba94ca15cc7e1875d,1,1,0,0
hashicorp/terraform-provider-aws,.github/workflows/pull_request_target.yml,checks,action,actions/checkout,3d3c42e5aac5ba805825da76410c181273ba90b1,1,0,0,0
hashicorp/terraform-provider-aws,.github/workflows/pull_request_target.yml,checks,action,actions/setup-go,b7ad1dad31e06c5925ef5d2fc7ad053ef454303e,1,0,0,0
hashicorp/terraform-provider-aws,.github/workflows/pull_request_target.yml,checks,action,actions/cache/restore,55cc8345863c7cc4c66a329aec7e433d2d1c52a9,1,0,0,0
hashicorp/terraform-provider-aws,.github/workflows/pull_request_target.yml,checks,action,actions/cache,55cc8345863c7cc4c66a329aec7e433d2d1c52a9,1,0,0,0
hashicorp/terraform-provider-aws,.github/workflows/readiness_comment.yml,comment,action,dorny/paths-filter,ceb8a2b8f2d89434be7ff52d3de7ec3738c5cc9d,1,1,0,0
hashicorp/terraform-provider-aws,.github/workflows/readiness_comment.yml,comment,action,dorny/paths-filter,ceb8a2b8f2d89434be7ff52d3de7ec3738c5cc9d,1,1,0,0
hashicorp/terraform-provider-aws,.github/workflows/readiness_comment.yml,comment,action,actions/checkout,3d3c42e5aac5ba805825da76410c181273ba90b1,1,0,0,0
hashicorp/terraform-provider-aws,.github/workflows/readiness_comment.yml,comment,action,peter-evans/find-comment,b30e6a3c0ed37e7c023ccd3f1db5c6c0b0c23aad,1,1,0,0
hashicorp/terraform-provider-aws,.github/workflows/readiness_comment.yml,comment,action,peter-evans/create-or-update-comment,e8674b075228eee787fea43ef493e45ece1004c9,1,1,0,0
hashicorp/terraform-provider-aws,.github/workflows/registry-check.yml,registry-check,action,slackapi/slack-github-action,dcb1066f776dd043e64d0e8ba94ca15cc7e1875d,1,1,0,0
hashicorp/terraform-provider-aws,.github/workflows/registry-check.yml,registry-check,action,slackapi/slack-github-action,dcb1066f776dd043e64d0e8ba94ca15cc7e1875d,1,1,0,0
hashicorp/terraform-provider-aws,.github/workflows/registry-check.yml,init-check,action,slackapi/slack-github-action,dcb1066f776dd043e64d0e8ba94ca15cc7e1875d,1,1,0,0
hashicorp/terraform-provider-aws,.github/workflows/registry-check.yml,init-check,action,hashicorp/setup-terraform,dfe3c3f87815947d99a8997f908cb6525fc44e9e,1,1,0,0
hashicorp/terraform-provider-aws,.github/workflows/registry-check.yml,init-check,action,slackapi/slack-github-action,dcb1066f776dd043e64d0e8ba94ca15cc7e1875d,1,1,0,0
hashicorp/terraform-provider-aws,.github/workflows/resource-counts.yml,coverage,action,tibdex/github-app-token,3beb63f4bd073e61482598c45c71c1019b59b73a,1,1,0,0
hashicorp/terraform-provider-aws,.github/workflows/resource-counts.yml,coverage,action,actions/checkout,3d3c42e5aac5ba805825da76410c181273ba90b1,1,0,0,0
hashicorp/terraform-provider-aws,.github/workflows/resource-counts.yml,coverage,action,hashicorp/setup-terraform,dfe3c3f87815947d99a8997f908cb6525fc44e9e,1,1,0,0
hashicorp/terraform-provider-aws,.github/workflows/resource-counts.yml,coverage,action,peter-evans/create-pull-request,5f6978faf089d4d20b00c7766989d076bb2fc7f1,1,1,0,0
hashicorp/terraform-provider-aws,.github/workflows/semgrep-ci.yml,semgrep-validate,action,actions/checkout,3d3c42e5aac5ba805825da76410c181273ba90b1,1,0,0,0
hashicorp/terraform-provider-aws,.github/workflows/semgrep-ci.yml,semgrep-test,action,actions/checkout,3d3c42e5aac5ba805825da76410c181273ba90b1,1,0,0,0
hashicorp/terraform-provider-aws,.github/workflows/semgrep-ci.yml,constants,action,actions/checkout,3d3c42e5aac5ba805825da76410c181273ba90b1,1,0,0,0
hashicorp/terraform-provider-aws,.github/workflows/semgrep-ci.yml,semgrep,action,actions/checkout,3d3c42e5aac5ba805825da76410c181273ba90b1,1,0,0,0
hashicorp/terraform-provider-aws,.github/workflows/semgrep-ci.yml,naming_cae,action,actions/checkout,3d3c42e5aac5ba805825da76410c181273ba90b1,1,0,0,0
hashicorp/terraform-provider-aws,.github/workflows/semgrep-ci.yml,naming_tests,action,actions/checkout,3d3c42e5aac5ba805825da76410c181273ba90b1,1,0,0,0
hashicorp/terraform-provider-aws,.github/workflows/semgrep-ci.yml,naming_semgrep0,action,actions/checkout,3d3c42e5aac5ba805825da76410c181273ba90b1,1,0,0,0
hashicorp/terraform-provider-aws,.github/workflows/semgrep-ci.yml,naming_semgrep1,action,actions/checkout,3d3c42e5aac5ba805825da76410c181273ba90b1,1,0,0,0
hashicorp/terraform-provider-aws,.github/workflows/semgrep-ci.yml,naming_semgrep2,action,actions/checkout,3d3c42e5aac5ba805825da76410c181273ba90b1,1,0,0,0
hashicorp/terraform-provider-aws,.github/workflows/semgrep-ci.yml,naming_semgrep3,action,actions/checkout,3d3c42e5aac5ba805825da76410c181273ba90b1,1,0,0,0
hashicorp/terraform-provider-aws,.github/workflows/shellcheck.yml,shellcheck,action,actions/checkout,3d3c42e5aac5ba805825da76410c181273ba90b1,1,0,0,0
hashicorp/terraform-provider-aws,.github/workflows/skaff.yml,compile_skaff,action,actions/checkout,3d3c42e5aac5ba805825da76410c181273ba90b1,1,0,0,0
hashicorp/terraform-provider-aws,.github/workflows/skaff.yml,compile_skaff,action,actions/setup-go,b7ad1dad31e06c5925ef5d2fc7ad053ef454303e,1,0,0,0
hashicorp/terraform-provider-aws,.github/workflows/skaff.yml,compile_skaff,action,actions/cache/restore,55cc8345863c7cc4c66a329aec7e433d2d1c52a9,1,0,0,0
hashicorp/terraform-provider-aws,.github/workflows/skaff.yml,compile_skaff,action,actions/cache,55cc8345863c7cc4c66a329aec7e433d2d1c52a9,1,0,0,0
hashicorp/terraform-provider-aws,.github/workflows/smarterr.yml,modern,action,actions/checkout,3d3c42e5aac5ba805825da76410c181273ba90b1,1,0,0,0
hashicorp/terraform-provider-aws,.github/workflows/smarterr.yml,modern,action,actions/setup-go,b7ad1dad31e06c5925ef5d2fc7ad053ef454303e,1,0,0,0
hashicorp/terraform-provider-aws,.github/workflows/smarterr.yml,modern,action,actions/cache/restore,55cc8345863c7cc4c66a329aec7e433d2d1c52a9,1,0,0,0
hashicorp/terraform-provider-aws,.github/workflows/smarterr.yml,modern,action,actions/cache,55cc8345863c7cc4c66a329aec7e433d2d1c52a9,1,0,0,0
hashicorp/terraform-provider-aws,.github/workflows/smarterr.yml,modern,action,YakDriver/check-smarterr-config,95df6d72d779a31494ca9d35ef264aed66a02ab3,1,1,0,0
hashicorp/terraform-provider-aws,.github/workflows/stale.yml,stale,action,actions/stale,4391f3da665fdf50b6810c1a66712fb9ba21aa93,1,0,0,0
hashicorp/terraform-provider-aws,.github/workflows/swissshepherd.yml,swissshepherd,action,actions/checkout,3d3c42e5aac5ba805825da76410c181273ba90b1,1,0,0,0
hashicorp/terraform-provider-aws,.github/workflows/swissshepherd.yml,swissshepherd,action,hashicorp/setup-terraform,dfe3c3f87815947d99a8997f908cb6525fc44e9e,1,1,0,0
hashicorp/terraform-provider-aws,.github/workflows/tflint-opa-policy-tests.yml,opa-tests,action,actions/checkout,3d3c42e5aac5ba805825da76410c181273ba90b1,1,0,0,0
hashicorp/terraform-provider-aws,.github/workflows/tflint-opa-policy-tests.yml,opa-tests,action,actions/cache,55cc8345863c7cc4c66a329aec7e433d2d1c52a9,1,0,0,0
hashicorp/terraform-provider-aws,.github/workflows/triage.yml,labelers,action,actions/checkout,3d3c42e5aac5ba805825da76410c181273ba90b1,1,0,0,0
hashicorp/terraform-provider-aws,.github/workflows/triage.yml,labelers,action,actions/labeler,bf12e9b00b37c5c0ca2b87b79b2daf7891dbda13,1,0,0,0
hashicorp/terraform-provider-aws,.github/workflows/triage.yml,labelers,action,codelytv/pr-size-labeler,095a41fca88b8764fd9e008ad269bcdb82bb38b9,1,1,0,0
hashicorp/terraform-provider-aws,.github/workflows/triage.yml,labelers,action,github/issue-labeler,ccca1e16fcb66762200e616fc29b57b940c1cb67,1,0,0,0
hashicorp/terraform-provider-aws,.github/workflows/triage.yml,labelers,action,actions/create-github-app-token,bcd2ba49218906704ab6c1aa796996da409d3eb1,1,0,0,0
hashicorp/terraform-provider-aws,.github/workflows/triage.yml,labelers,action,github/issue-labeler,ccca1e16fcb66762200e616fc29b57b940c1cb67,1,0,0,0
hashicorp/terraform-provider-aws,.github/workflows/update-changelog.yml,update-changelog,action,actions/checkout,3d3c42e5aac5ba805825da76410c181273ba90b1,1,0,0,0
hashicorp/terraform-provider-aws,.github/workflows/update-list-tracking.yml,update-issue,action,actions/checkout,3d3c42e5aac5ba805825da76410c181273ba90b1,1,0,0,0
hashicorp/terraform-provider-aws,.github/workflows/website.yml,markdown-link-check-a-h-markdown,action,actions/checkout,3d3c42e5aac5ba805825da76410c181273ba90b1,1,0,0,0
hashicorp/terraform-provider-aws,.github/workflows/website.yml,markdown-link-check-a-h-markdown,action,YakDriver/md-check-links,0a295ce2e08c544aae01cccc9b4c6801a8398942,1,1,0,0
hashicorp/terraform-provider-aws,.github/workflows/website.yml,markdown-link-check-i-z-markdown,action,actions/checkout,3d3c42e5aac5ba805825da76410c181273ba90b1,1,0,0,0
hashicorp/terraform-provider-aws,.github/workflows/website.yml,markdown-link-check-i-z-markdown,action,YakDriver/md-check-links,0a295ce2e08c544aae01cccc9b4c6801a8398942,1,1,0,0
hashicorp/terraform-provider-aws,.github/workflows/website.yml,markdown-link-check-md,action,actions/checkout,3d3c42e5aac5ba805825da76410c181273ba90b1,1,0,0,0
hashicorp/terraform-provider-aws,.github/workflows/website.yml,markdown-link-check-md,action,YakDriver/md-check-links,0a295ce2e08c544aae01cccc9b4c6801a8398942,1,1,0,0
hashicorp/terraform-provider-aws,.github/workflows/website.yml,markdown-lint,action,actions/checkout,3d3c42e5aac5ba805825da76410c181273ba90b1,1,0,0,0
hashicorp/terraform-provider-aws,.github/workflows/website.yml,markdown-lint,action,avto-dev/markdown-lint,04d43ee9191307b50935a753da3b775ab695eceb,1,1,0,0
hashicorp/terraform-provider-aws,.github/workflows/website.yml,misspell,action,actions/checkout,3d3c42e5aac5ba805825da76410c181273ba90b1,1,0,0,0
hashicorp/terraform-provider-aws,.github/workflows/website.yml,terrafmt,action,actions/checkout,3d3c42e5aac5ba805825da76410c181273ba90b1,1,0,0,0
hashicorp/terraform-provider-aws,.github/workflows/website.yml,tflint,action,actions/checkout,3d3c42e5aac5ba805825da76410c181273ba90b1,1,0,0,0
hashicorp/terraform-provider-aws,.github/workflows/website.yml,tflint,action,actions/cache,55cc8345863c7cc4c66a329aec7e433d2d1c52a9,1,0,0,0
hashicorp/terraform-provider-aws,.github/workflows/workflow-lint.yml,actionlint,action,actions/checkout,3d3c42e5aac5ba805825da76410c181273ba90b1,1,0,0,0
hashicorp/terraform-provider-aws,.github/workflows/yamllint.yml,yamllint,action,actions/checkout,3d3c42e5aac5ba805825da76410c181273ba90b1,1,0,0,0
hashicorp/terraform-provider-aws,.github/workflows/yamllint.yml,yamllint,action,ibiqlik/action-yamllint,2576378a8e339169678f9939646ee3ee325e845c,1,1,0,0
